Time [sec],Displacement [mm],,,
0,0,,96.94347,-82.69254
0.01,0,,,
0.02,0,,,
0.03,0,,,
0.04,0,,,
0.05,0,,,
0.06,0,,,
0.07,0.00002,,,
0.08,0.00011,,,
0.09,0.00029,,,
0.1,0.00049,,,
0.11,0.00067,,,
0.12,0.00077,,,
0.13,0.00077,,,
0.14,0.00067,,,
0.15,0.00047,,,
0.16,0.00018,,,
0.17,-0.00021,,,
0.18,-0.00067,,,
0.19,-0.00103,,,
0.2,-0.00111,,,
0.21,-0.00082,,,
0.22,-0.00011,,,
0.23,0.00108,,,
0.24,0.00286,,,
0.25,0.0053,,,
0.26,0.00829,,,
0.27,0.01158,,,
0.28,0.01493,,,
0.29,0.01838,,,
0.3,0.02202,,,
0.31,0.02595,,,
0.32,0.03012,,,
0.33,0.03424,,,
0.34,0.0378,,,
0.35,0.04047,,,
0.36,0.04223,,,
0.37,0.04313,,,
0.38,0.04328,,,
0.39,0.04298,,,
0.4,0.04274,,,
0.41,0.0428,,,
0.42,0.043,,,
0.43,0.04282,,,
0.44,0.04182,,,
0.45,0.03989,,,
0.46,0.03716,,,
0.47,0.03383,,,
0.48,0.03046,,,
0.49,0.02797,,,
0.5,0.02735,,,
0.51,0.0295,,,
0.52,0.03489,,,
0.53,0.04357,,,
0.54,0.05526,,,
0.55,0.06937,,,
0.56,0.08474,,,
0.57,0.10005,,,
0.58,0.1142,,,
0.59,0.12678,,,
0.6,0.13773,,,
0.61,0.14695,,,
0.62,0.15451,,,
0.63,0.16095,,,
0.64,0.16703,,,
0.65,0.1728,,,
0.66,0.17776,,,
0.67,0.18166,,,
0.68,0.18479,,,
0.69,0.18703,,,
0.7,0.18778,,,
0.71,0.18613,,,
0.72,0.18068,,,
0.73,0.17063,,,
0.74,0.15621,,,
0.75,0.13847,,,
0.76,0.11855,,,
0.77,0.09722,,,
0.78,0.07536,,,
0.79,0.05395,,,
0.8,0.03283,,,
0.81,0.01035,,,
0.82,-0.01522,,,
0.83,-0.04485,,,
0.84,-0.0785,,,
0.85,-0.11483,,,
0.86,-0.15085,,,
0.87,-0.18345,,,
0.88,-0.21119,,,
0.89,-0.23497,,,
0.9,-0.25707,,,
0.91,-0.27994,,,
0.92,-0.30529,,,
0.93,-0.33321,,,
0.94,-0.36228,,,
0.95,-0.3916,,,
0.96,-0.4216,,,
0.97,-0.45366,,,
0.98,-0.48906,,,
0.99,-0.52961,,,
1,-0.57787,,,
1.01,-0.63467,,,
1.02,-0.69757,,,
1.03,-0.76291,,,
1.04,-0.82746,,,
1.05,-0.88785,,,
1.06,-0.94116,,,
1.07,-0.98581,,,
1.08,-1.02188,,,
1.09,-1.05119,,,
1.1,-1.07802,,,
1.11,-1.10773,,,
1.12,-1.14471,,,
1.13,-1.18902,,,
1.14,-1.23711,,,
1.15,-1.28738,,,
1.16,-1.34106,,,
1.17,-1.39858,,,
1.18,-1.45834,,,
1.19,-1.51883,,,
1.2,-1.57982,,,
1.21,-1.64187,,,
1.22,-1.70537,,,
1.23,-1.77259,,,
1.24,-1.84711,,,
1.25,-1.93267,,,
1.26,-2.02915,,,
1.27,-2.12947,,,
1.28,-2.22314,,,
1.29,-2.30108,,,
1.3,-2.35906,,,
1.31,-2.40036,,,
1.32,-2.43211,,,
1.33,-2.45978,,,
1.34,-2.48587,,,
1.35,-2.51311,,,
1.36,-2.54641,,,
1.37,-2.59226,,,
1.38,-2.65616,,,
1.39,-2.73871,,,
1.4,-2.83856,,,
1.41,-2.95297,,,
1.42,-3.07465,,,
1.43,-3.19373,,,
1.44,-3.30713,,,
1.45,-3.419,,,
1.46,-3.53268,,,
1.47,-3.64518,,,
1.48,-3.74771,,,
1.49,-3.83154,,,
1.5,-3.89145,,,
1.51,-3.92562,,,
1.52,-3.93648,,,
1.53,-3.93162,,,
1.54,-3.91945,,,
1.55,-3.90554,,,
1.56,-3.894,,,
1.57,-3.89081,,,
1.58,-3.8988,,,
1.59,-3.91324,,,
1.6,-3.92546,,,
1.61,-3.92876,,,
1.62,-3.91947,,,
1.63,-3.89529,,,
1.64,-3.85723,,,
1.65,-3.81166,,,
1.66,-3.76449,,,
1.67,-3.71524,,,
1.68,-3.66227,,,
1.69,-3.61041,,,
1.7,-3.56618,,,
1.71,-3.52715,,,
1.72,-3.48401,,,
1.73,-3.43337,,,
1.74,-3.38131,,,
1.75,-3.33385,,,
1.76,-3.28955,,,
1.77,-3.24698,,,
1.78,-3.21008,,,
1.79,-3.18323,,,
1.8,-3.16634,,,
1.81,-3.15349,,,
1.82,-3.13629,,,
1.83,-3.10867,,,
1.84,-3.06819,,,
1.85,-3.01721,,,
1.86,-2.96321,,,
1.87,-2.91166,,,
1.88,-2.86014,,,
1.89,-2.80151,,,
1.9,-2.73042,,,
1.91,-2.64728,,,
1.92,-2.55537,,,
1.93,-2.46009,,,
1.94,-2.36849,,,
1.95,-2.28651,,,
1.96,-2.21386,,,
1.97,-2.14756,,,
1.98,-2.09099,,,
1.99,-2.05222,,,
2,-2.03206,,,
2.01,-2.01999,,,
2.02,-2.00261,,,
2.03,-1.96829,,,
2.04,-1.90711,,,
2.05,-1.81292,,,
2.06,-1.6842,,,
2.07,-1.52328,,,
2.08,-1.33625,,,
2.09,-1.1318,,,
2.1,-0.9184,,,
2.11,-0.70003,,,
2.12,-0.47366,,,
2.13,-0.23215,,,
2.14,0.03031,,,
2.15,0.31997,,,
2.16,0.64542,,,
2.17,1.01223,,,
2.18,1.4182,,,
2.19,1.85878,,,
2.2,2.33439,,,
2.21,2.84776,,,
2.22,3.39894,,,
2.23,3.98155,,,
2.24,4.58313,,,
2.25,5.19255,,,
2.26,5.80459,,,
2.27,6.41644,,,
2.28,7.02656,,,
2.29,7.6331,,,
2.3,8.23196,,,
2.31,8.81592,,,
2.32,9.37919,,,
2.33,9.91994,,,
2.34,10.44013,,,
2.35,10.9422,,,
2.36,11.42185,,,
2.37,11.86416,,,
2.38,12.24793,,,
2.39,12.55502,,,
2.4,12.77695,,,
2.41,12.91338,,,
2.42,12.9675,,,
2.43,12.94917,,,
2.44,12.88409,,,
2.45,12.80916,,,
2.46,12.75604,,,
2.47,12.74283,,,
2.48,12.77684,,,
2.49,12.86037,,,
2.5,12.99218,,,
2.51,13.16517,,,
2.52,13.36258,,,
2.53,13.56044,,,
2.54,13.73196,,,
2.55,13.85456,,,
2.56,13.91403,,,
2.57,13.90276,,,
2.58,13.82005,,,
2.59,13.67543,,,
2.6,13.48677,,,
2.61,13.27303,,,
2.62,13.0498,,,
2.63,12.83261,,,
2.64,12.64009,,,
2.65,12.48605,,,
2.66,12.37433,,,
2.67,12.30545,,,
2.68,12.28529,,,
2.69,12.32787,,,
2.7,12.44758,,,
2.71,12.64877,,,
2.72,12.92078,,,
2.73,13.2374,,,
2.74,13.56833,,,
2.75,13.89585,,,
2.76,14.21618,,,
2.77,14.52287,,,
2.78,14.7943,,,
2.79,14.99722,,,
2.8,15.09599,,,
2.81,15.06335,,,
2.82,14.8914,,,
2.83,14.59157,,,
2.84,14.18209,,,
2.85,13.6798,,,
2.86,13.105,,,
2.87,12.4899,,,
2.88,11.8729,,,
2.89,11.28209,,,
2.9,10.72727,,,
2.91,10.21465,,,
2.92,9.74937,,,
2.93,9.32625,,,
2.94,8.92692,,,
2.95,8.52648,,,
2.96,8.09706,,,
2.97,7.61428,,,
2.98,7.06613,,,
2.99,6.44929,,,
3,5.76351,,,
3.01,5.01064,,,
3.02,4.19183,,,
3.03,3.30604,,,
3.04,2.35363,,,
3.05,1.3439,,,
3.06,0.29317,,,
3.07,-0.78482,,,
3.08,-1.88548,,,
3.09,-3.01483,,,
3.1,-4.18493,,,
3.11,-5.40793,,,
3.12,-6.68865,,,
3.13,-8.01672,,,
3.14,-9.36345,,,
3.15,-10.68662,,,
3.16,-11.9405,,,
3.17,-13.08634,,,
3.18,-14.09885,,,
3.19,-14.97156,,,
3.2,-15.71745,,,
3.21,-16.35718,,,
3.22,-16.90665,,,
3.23,-17.3758,,,
3.24,-17.77549,,,
3.25,-18.12093,,,
3.26,-18.42759,,,
3.27,-18.70375,,,
3.28,-18.94424,,,
3.29,-19.13844,,,
3.3,-19.28048,,,
3.31,-19.3698,,,
3.32,-19.40366,,,
3.33,-19.38095,,,
3.34,-19.30713,,,
3.35,-19.18292,,,
3.36,-19.00156,,,
3.37,-18.76391,,,
3.38,-18.49125,,,
3.39,-18.22361,,,
3.4,-18.00516,,,
3.41,-17.87446,,,
3.42,-17.86349,,,
3.43,-17.99545,,,
3.44,-18.27834,,,
3.45,-18.70796,,,
3.46,-19.28326,,,
3.47,-20.00648,,,
3.48,-20.85989,,,
3.49,-21.78835,,,
3.5,-22.71175,,,
3.51,-23.54644,,,
3.52,-24.21692,,,
3.53,-24.66762,,,
3.54,-24.8674,,,
3.55,-24.80856,,,
3.56,-24.50162,,,
3.57,-23.96899,,,
3.58,-23.24195,,,
3.59,-22.35553,,,
3.6,-21.34875,,,
3.61,-20.26479,,,
3.62,-19.14757,,,
3.63,-18.03367,,,
3.64,-16.94785,,,
3.65,-15.90018,,,
3.66,-14.88143,,,
3.67,-13.87051,,,
3.68,-12.85434,,,
3.69,-11.83884,,,
3.7,-10.84191,,,
3.71,-9.8872,,,
3.72,-9.00205,,,
3.73,-8.20862,,,
3.74,-7.52046,,,
3.75,-6.94883,,,
3.76,-6.5006,,,
3.77,-6.16218,,,
3.78,-5.89538,,,
3.79,-5.65422,,,
3.8,-5.39669,,,
3.81,-5.08529,,,
3.82,-4.68923,,,
3.83,-4.1847,,,
3.84,-3.55985,,,
3.85,-2.81174,,,
3.86,-1.94799,,,
3.87,-0.99133,,,
3.88,0.0294,,,
3.89,1.08368,,,
3.9,2.14296,,,
3.91,3.17666,,,
3.92,4.15516,,,
3.93,5.06047,,,
3.94,5.89213,,,
3.95,6.65192,,,
3.96,7.32727,,,
3.97,7.9093,,,
3.98,8.41221,,,
3.99,8.86227,,,
4,9.28108,,,
4.01,9.69099,,,
4.02,10.1179,,,
4.03,10.5844,,,
4.04,11.10281,,,
4.05,11.67684,,,
4.06,12.3089,,,
4.07,13.00252,,,
4.08,13.7609,,,
4.09,14.58736,,,
4.1,15.48093,,,
4.11,16.43502,,,
4.12,17.44158,,,
4.13,18.5014,,,
4.14,19.62798,,,
4.15,20.83585,,,
4.16,22.13015,,,
4.17,23.50536,,,
4.18,24.94755,,,
4.19,26.43411,,,
4.2,27.93236,,,
4.21,29.40036,,,
4.22,30.79302,,,
4.23,32.06876,,,
4.24,33.1932,,,
4.25,34.14094,,,
4.26,34.90306,,,
4.27,35.50213,,,
4.28,35.99222,,,
4.29,36.4382,,,
4.3,36.89636,,,
4.31,37.39881,,,
4.32,37.96051,,,
4.33,38.58383,,,
4.34,39.253,,,
4.35,39.93682,,,
4.36,40.60277,,,
4.37,41.22291,,,
4.38,41.77675,,,
4.39,42.25988,,,
4.4,42.68241,,,
4.41,43.05413,,,
4.42,43.37559,,,
4.43,43.64072,,,
4.44,43.84627,,,
4.45,43.99232,,,
4.46,44.07723,,,
4.47,44.09678,,,
4.48,44.04337,,,
4.49,43.90812,,,
4.5,43.68885,,,
4.51,43.40616,,,
4.52,43.10009,,,
4.53,42.81367,,,
4.54,42.58044,,,
4.55,42.42926,,,
4.56,42.38139,,,
4.57,42.44334,,,
4.58,42.61006,,,
4.59,42.87397,,,
4.6,43.22116,,,
4.61,43.6173,,,
4.62,43.99966,,,
4.63,44.29272,,,
4.64,44.43559,,,
4.65,44.39916,,,
4.66,44.18421,,,
4.67,43.80719,,,
4.68,43.29521,,,
4.69,42.69377,,,
4.7,42.05982,,,
4.71,41.43615,,,
4.72,40.83856,,,
4.73,40.26362,,,
4.74,39.7004,,,
4.75,39.13353,,,
4.76,38.53674,,,
4.77,37.86925,,,
4.78,37.0811,,,
4.79,36.13288,,,
4.8,35.02199,,,
4.81,33.7706,,,
4.82,32.39944,,,
4.83,30.92271,,,
4.84,29.36354,,,
4.85,27.76066,,,
4.86,26.15348,,,
4.87,24.56542,,,
4.88,23.00537,,,
4.89,21.47685,,,
4.9,19.97435,,,
4.91,18.47911,,,
4.92,16.96172,,,
4.93,15.39547,,,
4.94,13.76299,,,
4.95,12.04848,,,
4.96,10.23407,,,
4.97,8.30289,,,
4.98,6.24684,,,
4.99,4.0695,,,
5,1.77989,,,
5.01,-0.61393,,,
5.02,-3.09849,,,
5.03,-5.63401,,,
5.04,-8.15603,,,
5.05,-10.59799,,,
5.06,-12.89932,,,
5.07,-15.00704,,,
5.08,-16.88258,,,
5.09,-18.50382,,,
5.1,-19.86685,,,
5.11,-20.98617,,,
5.12,-21.89231,,,
5.13,-22.62843,,,
5.14,-23.24715,,,
5.15,-23.80173,,,
5.16,-24.33281,,,
5.17,-24.86142,,,
5.18,-25.39251,,,
5.19,-25.9278,,,
5.2,-26.47783,,,
5.21,-27.05452,,,
5.22,-27.6625,,,
5.23,-28.30695,,,
5.24,-29.00464,,,
5.25,-29.78079,,,
5.26,-30.66349,,,
5.27,-31.68288,,,
5.28,-32.8628,,,
5.29,-34.20974,,,
5.3,-35.70789,,,
5.31,-37.31425,,,
5.32,-38.9636,,,
5.33,-40.58525,,,
5.34,-42.11922,,,
5.35,-43.52633,,,
5.36,-44.79315,,,
5.37,-45.93266,,,
5.38,-46.98578,,,
5.39,-48.01182,,,
5.4,-49.07338,,,
5.41,-50.22064,,,
5.42,-51.48103,,,
5.43,-52.85563,,,
5.44,-54.32479,,,
5.45,-55.85837,,,
5.46,-57.41943,,,
5.47,-58.95642,,,
5.48,-60.40123,,,
5.49,-61.68042,,,
5.5,-62.73791,,,
5.51,-63.54557,,,
5.52,-64.09708,,,
5.53,-64.39577,,,
5.54,-64.44482,,,
5.55,-64.25024,,,
5.56,-63.83186,,,
5.57,-63.21813,,,
5.58,-62.43828,,,
5.59,-61.52149,,,
5.6,-60.49171,,,
5.61,-59.36226,,,
5.62,-58.13596,,,
5.63,-56.81347,,,
5.64,-55.398,,,
5.65,-53.89418,,,
5.66,-52.31353,,,
5.67,-50.67388,,,
5.68,-48.99006,,,
5.69,-47.2728,,,
5.7,-45.53307,,,
5.71,-43.78234,,,
5.72,-42.02241,,,
5.73,-40.24134,,,
5.74,-38.42075,,,
5.75,-36.53224,,,
5.76,-34.53328,,,
5.77,-32.38958,,,
5.78,-30.08972,,,
5.79,-27.64671,,,
5.8,-25.08718,,,
5.81,-22.43992,,,
5.82,-19.72999,,,
5.83,-16.98158,,,
5.84,-14.21649,,,
5.85,-11.4511,,,
5.86,-8.70067,,,
5.87,-5.98103,,,
5.88,-3.3132,,,
5.89,-0.71422,,,
5.9,1.81797,,,
5.91,4.29915,,,
5.92,6.73512,,,
5.93,9.1076,,,
5.94,11.38316,,,
5.95,13.53993,,,
5.96,15.57792,,,
5.97,17.50174,,,
5.98,19.29773,,,
5.99,20.93382,,,
6,22.39245,,,
6.01,23.69543,,,
6.02,24.88854,,,
6.03,26.01669,,,
6.04,27.11481,,,
6.05,28.20656,,,
6.06,29.30105,,,
6.07,30.39442,,,
6.08,31.47684,,,
6.09,32.53545,,,
6.1,33.5538,,,
6.11,34.51405,,,
6.12,35.40131,,,
6.13,36.20954,,,
6.14,36.94126,,,
6.15,37.59748,,,
6.16,38.16919,,,
6.17,38.64226,,,
6.18,39.01444,,,
6.19,39.3011,,,
6.2,39.51615,,,
6.21,39.66031,,,
6.22,39.7349,,,
6.23,39.75203,,,
6.24,39.72501,,,
6.25,39.65506,,,
6.26,39.53526,,,
6.27,39.36441,,,
6.28,39.15161,,,
6.29,38.91051,,,
6.3,38.64798,,,
6.31,38.35713,,,
6.32,38.02379,,,
6.33,37.63557,,,
6.34,37.17892,,,
6.35,36.63814,,,
6.36,36.00471,,,
6.37,35.28449,,,
6.38,34.48969,,,
6.39,33.62739,,,
6.4,32.70338,,,
6.41,31.73033,,,
6.42,30.72955,,,
6.43,29.72595,,,
6.44,28.74248,,,
6.45,27.8001,,,
6.46,26.91805,,,
6.47,26.10542,,,
6.48,25.35117,,,
6.49,24.62174,,,
6.5,23.87066,,,
6.51,23.05046,,,
6.52,22.132,,,
6.53,21.11436,,,
6.54,20.01742,,,
6.55,18.86965,,,
6.56,17.69829,,,
6.57,16.52375,,,
6.58,15.35973,,,
6.59,14.21706,,,
6.6,13.10865,,,
6.61,12.04689,,,
6.62,11.03726,,,
6.63,10.07333,,,
6.64,9.13648,,,
6.65,8.20088,,,
6.66,7.24223,,,
6.67,6.24073,,,
6.68,5.17829,,,
6.69,4.03976,,,
6.7,2.81796,,,
6.71,1.51151,,,
6.72,0.12264,,,
6.73,-1.34338,,,
6.74,-2.8818,,,
6.75,-4.49071,,,
6.76,-6.17049,,,
6.77,-7.92292,,,
6.78,-9.74777,,,
6.79,-11.64025,,,
6.8,-13.59354,,,
6.81,-15.60504,,,
6.82,-17.67958,,,
6.83,-19.82292,,,
6.84,-22.03333,,,
6.85,-24.29335,,,
6.86,-26.56465,,,
6.87,-28.79124,,,
6.88,-30.9126,,,
6.89,-32.87786,,,
6.9,-34.64624,,,
6.91,-36.17622,,,
6.92,-37.42286,,,
6.93,-38.34901,,,
6.94,-38.94274,,,
6.95,-39.22254,,,
6.96,-39.22443,,,
6.97,-38.98942,,,
6.98,-38.5613,,,
6.99,-37.99338,,,
7,-37.34837,,,
7.01,-36.69153,,,
7.02,-36.08347,,,
7.03,-35.57456,,,
7.04,-35.2009,,,
7.05,-34.99312,,,
7.06,-34.98794,,,
7.07,-35.21587,,,
7.08,-35.67343,,,
7.09,-36.32506,,,
7.1,-37.12691,,,
7.11,-38.04378,,,
7.12,-39.05209,,,
7.13,-40.13582,,,
7.14,-41.28364,,,
7.15,-42.49319,,,
7.16,-43.76612,,,
7.17,-45.09683,,,
7.18,-46.47739,,,
7.19,-47.90507,,,
7.2,-49.37944,,,
7.21,-50.88949,,,
7.22,-52.41035,,,
7.23,-53.91072,,,
7.24,-55.36123,,,
7.25,-56.7369,,,
7.26,-58.01309,,,
7.27,-59.16006,,,
7.28,-60.14405,,,
7.29,-60.93249,,,
7.3,-61.50038,,,
7.31,-61.84123,,,
7.32,-61.97024,,,
7.33,-61.92383,,,
7.34,-61.75014,,,
7.35,-61.48852,,,
7.36,-61.15464,,,
7.37,-60.74272,,,
7.38,-60.24285,,,
7.39,-59.65011,,,
7.4,-58.96577,,,
7.41,-58.19518,,,
7.42,-57.34771,,,
7.43,-56.44344,,,
7.44,-55.50297,,,
7.45,-54.53371,,,
7.46,-53.53449,,,
7.47,-52.51494,,,
7.48,-51.50173,,,
7.49,-50.52554,,,
7.5,-49.60477,,,
7.51,-48.74048,,,
7.52,-47.91523,,,
7.53,-47.09451,,,
7.54,-46.2379,,,
7.55,-45.31264,,,
7.56,-44.29826,,,
7.57,-43.18223,,,
7.58,-41.95608,,,
7.59,-40.61533,,,
7.6,-39.16109,,,
7.61,-37.60271,,,
7.62,-35.95749,,,
7.63,-34.24712,,,
7.64,-32.49029,,,
7.65,-30.69565,,,
7.66,-28.85996,,,
7.67,-26.97501,,,
7.68,-25.03658,,,
7.69,-23.05069,,,
7.7,-21.03223,,,
7.71,-19.00114,,,
7.72,-16.98,,,
7.73,-14.99396,,,
7.74,-13.07372,,,
7.75,-11.25133,,,
7.76,-9.5459,,,
7.77,-7.95498,,,
7.78,-6.45796,,,
7.79,-5.02408,,,
7.8,-3.62291,,,
7.81,-2.23544,,,
7.82,-0.85777,,,
7.83,0.50163,,,
7.84,1.83483,,,
7.85,3.13845,,,
7.86,4.40698,,,
7.87,5.63119,,,
7.88,6.80837,,,
7.89,7.94618,,,
7.9,9.05689,,,
7.91,10.1585,,,
7.92,11.28194,,,
7.93,12.46531,,,
7.94,13.7394,,,
7.95,15.12189,,,
7.96,16.62115,,,
7.97,18.24215,,,
7.98,19.98354,,,
7.99,21.83341,,,
8,23.76795,,,
8.01,25.75256,,,
8.02,27.74186,,,
8.03,29.67581,,,
8.04,31.48089,,,
8.05,33.08715,,,
8.06,34.45174,,,
8.07,35.56323,,,
8.08,36.42966,,,
8.09,37.05958,,,
8.1,37.4543,,,
8.11,37.61913,,,
8.12,37.57717,,,
8.13,37.36474,,,
8.14,37.01589,,,
8.15,36.55625,,,
8.16,36.00623,,,
8.17,35.38395,,,
8.18,34.70134,,,
8.19,33.96052,,,
8.2,33.15664,,,
8.21,32.2833,,,
8.22,31.33149,,,
8.23,30.29254,,,
8.24,29.16413,,,
8.25,27.95489,,,
8.26,26.68253,,,
8.27,25.36771,,,
8.28,24.03035,,,
8.29,22.68767,,,
8.3,21.35143,,,
8.31,20.02705,,,
8.32,18.71424,,,
8.33,17.40683,,,
8.34,16.09182,,,
8.35,14.74763,,,
8.36,13.34479,,,
8.37,11.84961,,,
8.38,10.2319,,,
8.39,8.47615,,,
8.4,6.58508,,,
8.41,4.57251,,,
8.42,2.45745,,,
8.43,0.26001,,,
8.44,-2.00039,,,
8.45,-4.30391,,,
8.46,-6.634,,,
8.47,-8.98137,,,
8.48,-11.3409,,,
8.49,-13.7049,,,
8.5,-16.06589,,,
8.51,-18.41981,,,
8.52,-20.76113,,,
8.53,-23.07945,,,
8.54,-25.36539,,,
8.55,-27.61299,,,
8.56,-29.81357,,,
8.57,-31.94926,,,
8.58,-33.99255,,,
8.59,-35.91475,,,
8.6,-37.697,,,
8.61,-39.33601,,,
8.62,-40.84402,,,
8.63,-42.24631,,,
8.64,-43.57576,,,
8.65,-44.861,,,
8.66,-46.11401,,,
8.67,-47.32915,,,
8.68,-48.48872,,,
8.69,-49.5645,,,
8.7,-50.52541,,,
8.71,-51.34727,,,
8.72,-52.01851,,,
8.73,-52.53986,,,
8.74,-52.92487,,,
8.75,-53.2045,,,
8.76,-53.42917,,,
8.77,-53.65393,,,
8.78,-53.92596,,,
8.79,-54.27951,,,
8.8,-54.73123,,,
8.81,-55.26879,,,
8.82,-55.84202,,,
8.83,-56.37127,,,
8.84,-56.76638,,,
8.85,-56.95333,,,
8.86,-56.89896,,,
8.87,-56.60939,,,
8.88,-56.10071,,,
8.89,-55.3852,,,
8.9,-54.47905,,,
8.91,-53.41362,,,
8.92,-52.23626,,,
8.93,-51.00899,,,
8.94,-49.80145,,,
8.95,-48.67424,,,
8.96,-47.65631,,,
8.97,-46.74462,,,
8.98,-45.91981,,,
8.99,-45.15005,,,
9,-44.38884,,,
9.01,-43.58827,,,
9.02,-42.71668,,,
9.03,-41.76325,,,
9.04,-40.72906,,,
9.05,-39.61376,,,
9.06,-38.41575,,,
9.07,-37.13937,,,
9.08,-35.79273,,,
9.09,-34.3839,,,
9.1,-32.9192,,,
9.11,-31.40037,,,
9.12,-29.82425,,,
9.13,-28.18939,,,
9.14,-26.50484,,,
9.15,-24.79167,,,
9.16,-23.07583,,,
9.17,-21.37738,,,
9.18,-19.70206,,,
9.19,-18.0367,,,
9.2,-16.35381,,,
9.21,-14.62511,,,
9.22,-12.83339,,,
9.23,-10.97487,,,
9.24,-9.05512,,,
9.25,-7.09274,,,
9.26,-5.12362,,,
9.27,-3.19487,,,
9.28,-1.35491,,,
9.29,0.35365,,,
9.3,1.90057,,,
9.31,3.27651,,,
9.32,4.49442,,,
9.33,5.58258,,,
9.34,6.57041,,,
9.35,7.48125,,,
9.36,8.33561,,,
9.37,9.15119,,,
9.38,9.93746,,,
9.39,10.69102,,,
9.4,11.39832,,,
9.41,12.04112,,,
9.42,12.60117,,,
9.43,13.05732,,,
9.44,13.38527,,,
9.45,13.56998,,,
9.46,13.61275,,,
9.47,13.525,,,
9.48,13.32093,,,
9.49,13.01731,,,
9.5,12.6319,,,
9.51,12.17949,,,
9.52,11.67426,,,
9.53,11.13531,,,
9.54,10.59047,,,
9.55,10.07065,,,
9.56,9.59828,,,
9.57,9.17637,,,
9.58,8.79038,,,
9.59,8.41556,,,
9.6,8.02675,,,
9.61,7.60989,,,
9.62,7.16364,,,
9.63,6.69196,,,
9.64,6.20049,,,
9.65,5.70107,,,
9.66,5.21611,,,
9.67,4.77443,,,
9.68,4.40683,,,
9.69,4.14675,,,
9.7,4.02952,,,
9.71,4.08483,,,
9.72,4.32251,,,
9.73,4.72996,,,
9.74,5.27657,,,
9.75,5.9168,,,
9.76,6.59302,,,
9.77,7.24254,,,
9.78,7.81064,,,
9.79,8.25889,,,
9.8,8.55895,,,
9.81,8.68553,,,
9.82,8.63831,,,
9.83,8.46336,,,
9.84,8.2422,,,
9.85,8.06614,,,
9.86,8.02303,,,
9.87,8.18349,,,
9.88,8.58749,,,
9.89,9.23965,,,
9.9,10.10873,,,
9.91,11.13577,,,
9.92,12.24998,,,
9.93,13.37929,,,
9.94,14.46037,,,
9.95,15.45131,,,
9.96,16.34442,,,
9.97,17.16572,,,
9.98,17.96186,,,
9.99,18.78159,,,
10,19.66086,,,
10.01,20.62085,,,
10.02,21.67008,,,
10.03,22.80336,,,
10.04,23.9985,,,
10.05,25.21714,,,
10.06,26.41454,,,
10.07,27.55197,,,
10.08,28.59945,,,
10.09,29.5306,,,
10.1,30.31628,,,
10.11,30.92547,,,
10.12,31.32972,,,
10.13,31.50962,,,
10.14,31.46227,,,
10.15,31.20644,,,
10.16,30.77657,,,
10.17,30.21469,,,
10.18,29.56755,,,
10.19,28.88571,,,
10.2,28.21918,,,
10.21,27.61298,,,
10.22,27.10588,,,
10.23,26.73032,,,
10.24,26.50755,,,
10.25,26.4433,,,
10.26,26.52866,,,
10.27,26.74316,,,
10.28,27.05972,,,
10.29,27.45507,,,
10.3,27.91664,,,
10.31,28.43997,,,
10.32,29.02241,,,
10.33,29.65735,,,
10.34,30.33469,,,
10.35,31.04252,,,
10.36,31.76673,,,
10.37,32.48807,,,
10.38,33.1818,,,
10.39,33.82037,,,
10.4,34.37851,,,
10.41,34.83827,,,
10.42,35.1895,,,
10.43,35.42715,,,
10.44,35.54812,,,
10.45,35.55098,,,
10.46,35.44525,,,
10.47,35.25873,,,
10.48,35.03125,,,
10.49,34.80837,,,
10.5,34.63888,,,
10.51,34.56526,,,
10.52,34.61076,,,
10.53,34.7741,,,
10.54,35.03676,,,
10.55,35.37133,,,
10.56,35.74532,,,
10.57,36.12325,,,
10.58,36.4715,,,
10.59,36.76584,,,
10.6,36.99781,,,
10.61,37.17817,,,
10.62,37.33176,,,
10.63,37.48493,,,
10.64,37.65609,,,
10.65,37.85424,,,
10.66,38.08051,,,
10.67,38.3311,,,
10.68,38.59754,,,
10.69,38.86487,,,
10.7,39.11353,,,
10.71,39.3253,,,
10.72,39.48948,,,
10.73,39.60472,,,
10.74,39.67856,,,
10.75,39.72532,,,
10.76,39.76498,,,
10.77,39.82222,,,
10.78,39.91918,,,
10.79,40.06855,,,
10.8,40.27922,,,
10.81,40.56469,,,
10.82,40.94047,,,
10.83,41.41939,,,
10.84,42.01134,,,
10.85,42.7225,,,
10.86,43.55303,,,
10.87,44.49352,,,
10.88,45.52329,,,
10.89,46.61825,,,
10.9,47.75967,,,
10.91,48.93728,,,
10.92,50.15062,,,
10.93,51.41104,,,
10.94,52.73845,,,
10.95,54.15251,,,
10.96,55.66114,,,
10.97,57.2544,,,
10.98,58.90805,,,
10.99,60.58931,,,
11,62.26291,,,
11.01,63.90002,,,
11.02,65.48417,,,
11.03,67.0107,,,
11.04,68.48027,,,
11.05,69.89262,,,
11.06,71.24318,,,
11.07,72.52095,,,
11.08,73.71108,,,
11.09,74.80853,,,
11.1,75.82904,,,
11.11,76.79899,,,
11.12,77.74033,,,
11.13,78.66606,,,
11.14,79.58333,,,
11.15,80.49542,,,
11.16,81.4025,,,
11.17,82.30099,,,
11.18,83.18321,,,
11.19,84.04206,,,
11.2,84.87345,,,
11.21,85.67183,,,
11.22,86.42659,,,
11.23,87.12629,,,
11.24,87.76428,,,
11.25,88.34337,,,
11.26,88.87932,,,
11.27,89.39984,,,
11.28,89.93756,,,
11.29,90.52074,,,
11.3,91.16366,,,
11.31,91.86367,,,
11.32,92.60318,,,
11.33,93.35296,,,
11.34,94.08104,,,
11.35,94.76097,,,
11.36,95.37307,,,
11.37,95.90117,,,
11.38,96.33207,,,
11.39,96.65553,,,
11.4,96.86222,,,
11.41,96.94347,,,
11.42,96.8917,,,
11.43,96.70106,,,
11.44,96.36943,,,
11.45,95.90039,,,
11.46,95.30111,,,
11.47,94.57612,,,
11.48,93.72515,,,
11.49,92.7447,,,
11.5,91.62718,,,
11.51,90.3602,,,
11.52,88.93205,,,
11.53,87.34111,,,
11.54,85.60108,,,
11.55,83.74009,,,
11.56,81.79555,,,
11.57,79.80912,,,
11.58,77.8206,,,
11.59,75.86526,,,
11.6,73.97163,,,
11.61,72.16012,,,
11.62,70.44182,,,
11.63,68.81864,,,
11.64,67.28511,,,
11.65,65.82675,,,
11.66,64.42175,,,
11.67,63.04392,,,
11.68,61.66646,,,
11.69,60.26924,,,
11.7,58.84215,,,
11.71,57.38122,,,
11.72,55.88178,,,
11.73,54.33595,,,
11.74,52.73676,,,
11.75,51.08329,,,
11.76,49.38052,,,
11.77,47.6326,,,
11.78,45.83938,,,
11.79,44.00204,,,
11.8,42.12759,,,
11.81,40.22757,,,
11.82,38.31565,,,
11.83,36.40787,,,
11.84,34.52162,,,
11.85,32.67232,,,
11.86,30.87081,,,
11.87,29.12443,,,
11.88,27.43842,,,
11.89,25.8157,,,
11.9,24.25622,,,
11.91,22.75802,,,
11.92,21.31857,,,
11.93,19.93542,,,
11.94,18.6087,,,
11.95,17.34052,,,
11.96,16.13362,,,
11.97,14.98896,,,
11.98,13.90384,,,
11.99,12.87325,,,
12,11.89008,,,
12.01,10.94536,,,
12.02,10.02646,,,
12.03,9.11907,,,
12.04,8.21211,,,
12.05,7.30001,,,
12.06,6.37933,,,
12.07,5.44573,,,
12.08,4.49717,,,
12.09,3.54144,,,
12.1,2.59381,,,
12.11,1.67205,,,
12.12,0.79551,,,
12.13,-0.0154,,,
12.14,-0.74221,,,
12.15,-1.37031,,,
12.16,-1.88955,,,
12.17,-2.29305,,,
12.18,-2.58008,,,
12.19,-2.75775,,,
12.2,-2.84008,,,
12.21,-2.84892,,,
12.22,-2.81294,,,
12.23,-2.75986,,,
12.24,-2.70859,,,
12.25,-2.67143,,,
12.26,-2.65964,,,
12.27,-2.67792,,,
12.28,-2.71603,,,
12.29,-2.75684,,,
12.3,-2.78884,,,
12.31,-2.80808,,,
12.32,-2.81155,,,
12.33,-2.79523,,,
12.34,-2.75622,,,
12.35,-2.69417,,,
12.36,-2.61124,,,
12.37,-2.50995,,,
12.38,-2.39189,,,
12.39,-2.25798,,,
12.4,-2.10863,,,
12.41,-1.94287,,,
12.42,-1.75805,,,
12.43,-1.54988,,,
12.44,-1.31225,,,
12.45,-1.03893,,,
12.46,-0.72619,,,
12.47,-0.37522,,,
12.48,0.00835,,,
12.49,0.41915,,,
12.5,0.85489,,,
12.51,1.31506,,,
12.52,1.79655,,,
12.53,2.29287,,,
12.54,2.79538,,,
12.55,3.29117,,,
12.56,3.76318,,,
12.57,4.19605,,,
12.58,4.58233,,,
12.59,4.92007,,,
12.6,5.2064,,,
12.61,5.43294,,,
12.62,5.58902,,,
12.63,5.66817,,,
12.64,5.66915,,,
12.65,5.59502,,,
12.66,5.45877,,,
12.67,5.28699,,,
12.68,5.11144,,,
12.69,4.95786,,,
12.7,4.8412,,,
12.71,4.76295,,,
12.72,4.71429,,,
12.73,4.6863,,,
12.74,4.67636,,,
12.75,4.68844,,,
12.76,4.73076,,,
12.77,4.81439,,,
12.78,4.95078,,,
12.79,5.14592,,,
12.8,5.39686,,,
12.81,5.69376,,,
12.82,6.0247,,,
12.83,6.38111,,,
12.84,6.75541,,,
12.85,7.13632,,,
12.86,7.51212,,,
12.87,7.87691,,,
12.88,8.2303,,,
12.89,8.56895,,,
12.9,8.88153,,,
12.91,9.15502,,,
12.92,9.38196,,,
12.93,9.55953,,,
12.94,9.68401,,,
12.95,9.74901,,,
12.96,9.74856,,,
12.97,9.67799,,,
12.98,9.53382,,,
12.99,9.31505,,,
13,9.02634,,,
13.01,8.67982,,,
13.02,8.29228,,,
13.03,7.88379,,,
13.04,7.47607,,,
13.05,7.0879,,,
13.06,6.72752,,,
13.07,6.39208,,,
13.08,6.07538,,,
13.09,5.77348,,,
13.1,5.48422,,,
13.11,5.20388,,,
13.12,4.92477,,,
13.13,4.63418,,,
13.14,4.31637,,,
13.15,3.9569,,,
13.16,3.54561,,,
13.17,3.07468,,,
13.18,2.53646,,,
13.19,1.92502,,,
13.2,1.2398,,,
13.21,0.48563,,,
13.22,-0.33048,,,
13.23,-1.20276,,,
13.24,-2.12741,,,
13.25,-3.1024,,,
13.26,-4.12664,,,
13.27,-5.19865,,,
13.28,-6.31563,,,
13.29,-7.47506,,,
13.3,-8.67627,,,
13.31,-9.92058,,,
13.32,-11.20922,,,
13.33,-12.5415,,,
13.34,-13.91665,,,
13.35,-15.33632,,,
13.36,-16.80474,,,
13.37,-18.32725,,,
13.38,-19.90751,,,
13.39,-21.54229,,,
13.4,-23.21888,,,
13.41,-24.921,,,
13.42,-26.63629,,,
13.43,-28.35759,,,
13.44,-30.07985,,,
13.45,-31.80001,,,
13.46,-33.5182,,,
13.47,-35.2361,,,
13.48,-36.95434,,,
13.49,-38.67086,,,
13.5,-40.38159,,,
13.51,-42.08155,,,
13.52,-43.76511,,,
13.53,-45.42767,,,
13.54,-47.06691,,,
13.55,-48.68119,,,
13.56,-50.26855,,,
13.57,-51.82958,,,
13.58,-53.37045,,,
13.59,-54.90188,,,
13.6,-56.43327,,,
13.61,-57.9674,,,
13.62,-59.50074,,,
13.63,-61.02757,,,
13.64,-62.54254,,,
13.65,-64.03854,,,
13.66,-65.5059,,,
13.67,-66.93499,,,
13.68,-68.31906,,,
13.69,-69.65698,,,
13.7,-70.95369,,,
13.71,-72.21705,,,
13.72,-73.45233,,,
13.73,-74.6578,,,
13.74,-75.82504,,,
13.75,-76.94259,,,
13.76,-77.99689,,,
13.77,-78.97248,,,
13.78,-79.854,,,
13.79,-80.62922,,,
13.8,-81.2898,,,
13.81,-81.82982,,,
13.82,-82.24406,,,
13.83,-82.52821,,,
13.84,-82.67876,,,
13.85,-82.69254,,,
13.86,-82.56971,,,
13.87,-82.31855,,,
13.88,-81.95635,,,
13.89,-81.50514,,,
13.9,-80.98724,,,
13.91,-80.42241,,,
13.92,-79.8242,,,
13.93,-79.19693,,,
13.94,-78.53848,,,
13.95,-77.84274,,,
13.96,-77.10235,,,
13.97,-76.3132,,,
13.98,-75.47606,,,
13.99,-74.59571,,,
14,-73.67928,,,
14.01,-72.7333,,,
14.02,-71.76125,,,
14.03,-70.76638,,,
14.04,-69.75824,,,
14.05,-68.75402,,,
14.06,-67.77263,,,
14.07,-66.82829,,,
14.08,-65.92951,,,
14.09,-65.07815,,,
14.1,-64.2669,,,
14.11,-63.47943,,,
14.12,-62.69355,,,
14.13,-61.88606,,,
14.14,-61.03811,,,
14.15,-60.13921,,,
14.16,-59.18677,,,
14.17,-58.18286,,,
14.18,-57.13154,,,
14.19,-56.03753,,,
14.2,-54.90796,,,
14.21,-53.75324,,,
14.22,-52.58745,,,
14.23,-51.42731,,,
14.24,-50.28961,,,
14.25,-49.18958,,,
14.26,-48.13891,,,
14.27,-47.14588,,,
14.28,-46.2162,,,
14.29,-45.35353,,,
14.3,-44.55705,,,
14.31,-43.8205,,,
14.32,-43.13568,,,
14.33,-42.49628,,,
14.34,-41.89858,,,
14.35,-41.34055,,,
14.36,-40.82296,,,
14.37,-40.35039,,,
14.38,-39.92838,,,
14.39,-39.55956,,,
14.4,-39.24337,,,
14.41,-38.97521,,,
14.42,-38.74497,,,
14.43,-38.53782,,,
14.44,-38.33694,,,
14.45,-38.12748,,,
14.46,-37.90035,,,
14.47,-37.65181,,,
14.48,-37.38084,,,
14.49,-37.08764,,,
14.5,-36.77246,,,
14.51,-36.43648,,,
14.52,-36.08463,,,
14.53,-35.72836,,,
14.54,-35.38295,,,
14.55,-35.06022,,,
14.56,-34.76244,,,
14.57,-34.48192,,,
14.58,-34.20824,,,
14.59,-33.93631,,,
14.6,-33.66818,,,
14.61,-33.41106,,,
14.62,-33.17247,,,
14.63,-32.95596,,,
14.64,-32.75863,,,
14.65,-32.57111,,,
14.66,-32.37967,,,
14.67,-32.17015,,,
14.68,-31.93235,,,
14.69,-31.66173,,,
14.7,-31.35775,,,
14.71,-31.02357,,,
14.72,-30.66786,,,
14.73,-30.30296,,,
14.74,-29.94171,,,
14.75,-29.59548,,,
14.76,-29.27322,,,
14.77,-28.98026,,,
14.78,-28.71851,,,
14.79,-28.48757,,,
14.8,-28.28344,,,
14.81,-28.09736,,,
14.82,-27.91892,,,
14.83,-27.74227,,,
14.84,-27.56971,,,
14.85,-27.41086,,,
14.86,-27.27939,,,
14.87,-27.18608,,,
14.88,-27.13382,,,
14.89,-27.11836,,,
14.9,-27.13456,,,
14.91,-27.1791,,,
14.92,-27.2468,,,
14.93,-27.33066,,,
14.94,-27.42435,,,
14.95,-27.52346,,,
14.96,-27.62471,,,
14.97,-27.72636,,,
14.98,-27.82984,,,
14.99,-27.9377,,,
15,-28.04965,,,
15.01,-28.16265,,,
15.02,-28.27571,,,
15.03,-28.39367,,,
15.04,-28.52411,,,
15.05,-28.67249,,,
15.06,-28.84071,,,
15.07,-29.02931,,,
15.08,-29.24055,,,
15.09,-29.48006,,,
15.1,-29.75671,,,
15.11,-30.07851,,,
15.12,-30.44898,,,
15.13,-30.86761,,,
15.14,-31.32859,,,
15.15,-31.81813,,,
15.16,-32.31581,,,
15.17,-32.80083,,,
15.18,-33.25693,,,
15.19,-33.67364,,,
15.2,-34.04588,,,
15.21,-34.37226,,,
15.22,-34.65263,,,
15.23,-34.88729,,,
15.24,-35.07789,,,
15.25,-35.22701,,,
15.26,-35.33629,,,
15.27,-35.40596,,,
15.28,-35.43534,,,
15.29,-35.42291,,,
15.3,-35.36876,,,
15.31,-35.27683,,,
15.32,-35.15369,,,
15.33,-35.00453,,,
15.34,-34.83238,,,
15.35,-34.63981,,,
15.36,-34.42932,,,
15.37,-34.20199,,,
15.38,-33.95866,,,
15.39,-33.70154,,,
15.4,-33.43243,,,
15.41,-33.15013,,,
15.42,-32.85052,,,
15.43,-32.52847,,,
15.44,-32.17943,,,
15.45,-31.80001,,,
15.46,-31.38873,,,
15.47,-30.94672,,,
15.48,-30.47898,,,
15.49,-29.99424,,,
15.5,-29.50165,,,
15.51,-29.00743,,,
15.52,-28.51465,,,
15.53,-28.02571,,,
15.54,-27.5439,,,
15.55,-27.0723,,,
15.56,-26.61316,,,
15.57,-26.1679,,,
15.58,-25.73626,,,
15.59,-25.31506,,,
15.6,-24.89966,,,
15.61,-24.48547,,,
15.62,-24.06764,,,
15.63,-23.64143,,,
15.64,-23.20495,,,
15.65,-22.76012,,,
15.66,-22.30895,,,
15.67,-21.85119,,,
15.68,-21.3873,,,
15.69,-20.91884,,,
15.7,-20.44433,,,
15.71,-19.95925,,,
15.72,-19.46222,,,
15.73,-18.95915,,,
15.74,-18.4594,,,
15.75,-17.96994,,,
15.76,-17.49295,,,
15.77,-17.02797,,,
15.78,-16.57349,,,
15.79,-16.1252,,,
15.8,-15.67484,,,
15.81,-15.21217,,,
15.82,-14.729,,,
15.83,-14.22038,,,
15.84,-13.68222,,,
15.85,-13.11013,,,
15.86,-12.50067,,,
15.87,-11.85373,,,
15.88,-11.17375,,,
15.89,-10.46735,,,
15.9,-9.74028,,,
15.91,-8.99868,,,
15.92,-8.25104,,,
15.93,-7.50512,,,
15.94,-6.76182,,,
15.95,-6.01767,,,
15.96,-5.27018,,,
15.97,-4.51688,,,
15.98,-3.75195,,,
15.99,-2.96842,,,
16,-2.16248,,,
16.01,-1.33272,,,
16.02,-0.47807,,,
16.03,0.40133,,,
16.04,1.30357,,,
16.05,2.22551,,,
16.06,3.16147,,,
16.07,4.10208,,,
16.08,5.03776,,,
16.09,5.96255,,,
16.1,6.87419,,,
16.11,7.77171,,,
16.12,8.65338,,,
16.13,9.51683,,,
16.14,10.36005,,,
16.15,11.18124,,,
16.16,11.97762,,,
16.17,12.74582,,,
16.18,13.48277,,,
16.19,14.18546,,,
16.2,14.8502,,,
16.21,15.47222,,,
16.22,16.04756,,,
16.23,16.57514,,,
16.24,17.05761,,,
16.25,17.49985,,,
16.26,17.90611,,,
16.27,18.27771,,,
16.28,18.61266,,,
16.29,18.90711,,,
16.3,19.15595,,,
16.31,19.35304,,,
16.32,19.49347,,,
16.33,19.57569,,,
16.34,19.60098,,,
16.35,19.57118,,,
16.36,19.48953,,,
16.37,19.3637,,,
16.38,19.20437,,,
16.39,19.02151,,,
16.4,18.82171,,,
16.41,18.60833,,,
16.42,18.38242,,,
16.43,18.14286,,,
16.44,17.88633,,,
16.45,17.60825,,,
16.46,17.3036,,,
16.47,16.96715,,,
16.48,16.59255,,,
16.49,16.17201,,,
16.5,15.69759,,,
16.51,15.16494,,,
16.52,14.57539,,,
16.53,13.93304,,,
16.54,13.24095,,,
16.55,12.50141,,,
16.56,11.72055,,,
16.57,10.90865,,,
16.58,10.07619,,,
16.59,9.2326,,,
16.6,8.38529,,,
16.61,7.53732,,,
16.62,6.68841,,,
16.63,5.83922,,,
16.64,4.99303,,,
16.65,4.15306,,,
16.66,3.32052,,,
16.67,2.49516,,,
16.68,1.67638,,,
16.69,0.86519,,,
16.7,0.0671,,,
16.71,-0.70704,,,
16.72,-1.44406,,,
16.73,-2.13268,,,
16.74,-2.76631,,,
16.75,-3.34431,,,
16.76,-3.87142,,,
16.77,-4.35528,,,
16.78,-4.80512,,,
16.79,-5.22996,,,
16.8,-5.63735,,,
16.81,-6.03109,,,
16.82,-6.40984,,,
16.83,-6.76767,,,
16.84,-7.09757,,,
16.85,-7.39481,,,
16.86,-7.65546,,,
16.87,-7.87465,,,
16.88,-8.04804,,,
16.89,-8.17289,,,
16.9,-8.24777,,,
16.91,-8.27235,,,
16.92,-8.24727,,,
16.93,-8.17354,,,
16.94,-8.0536,,,
16.95,-7.89252,,,
16.96,-7.69652,,,
16.97,-7.47102,,,
16.98,-7.21851,,,
16.99,-6.93766,,,
17,-6.62293,,,
17.01,-6.2662,,,
17.02,-5.86131,,,
17.03,-5.4066,,,
17.04,-4.90372,,,
17.05,-4.35535,,,
17.06,-3.7665,,,
17.07,-3.14587,,,
17.08,-2.50413,,,
17.09,-1.85211,,,
17.1,-1.19826,,,
17.11,-0.5481,,,
17.12,0.0947,,,
17.13,0.72919,,,
17.14,1.35934,,,
17.15,1.99341,,,
17.16,2.64003,,,
17.17,3.30566,,,
17.18,3.99466,,,
17.19,4.70734,,,
17.2,5.43785,,,
17.21,6.17744,,,
17.22,6.91939,,,
17.23,7.66047,,,
17.24,8.3996,,,
17.25,9.13723,,,
17.26,9.87558,,,
17.27,10.61759,,,
17.28,11.36526,,,
17.29,12.11823,,,
17.3,12.87394,,,
17.31,13.63046,,,
17.32,14.38733,,,
17.33,15.14456,,,
17.34,15.9019,,,
17.35,16.65952,,,
17.36,17.41617,,,
17.37,18.16632,,,
17.38,18.90212,,,
17.39,19.61843,,,
17.4,20.31527,,,
17.41,20.9962,,,
17.42,21.66712,,,
17.43,22.33492,,,
17.44,23.00309,,,
17.45,23.6681,,,
17.46,24.32152,,,
17.47,24.95532,,,
17.48,25.56391,,,
17.49,26.14419,,,
17.5,26.69489,,,
17.51,27.21575,,,
17.52,27.70696,,,
17.53,28.1686,,,
17.54,28.6006,,,
17.55,29.00282,,,
17.56,29.37521,,,
17.57,29.7174,,,
17.58,30.02946,,,
17.59,30.31159,,,
17.6,30.56258,,,
17.61,30.77938,,,
17.62,30.95817,,,
17.63,31.0958,,,
17.64,31.1906,,,
17.65,31.24227,,,
17.66,31.24964,,,
17.67,31.20872,,,
17.68,31.11284,,,
17.69,30.9551,,,
17.7,30.73051,,,
17.71,30.43776,,,
17.72,30.07972,,,
17.73,29.66341,,,
17.74,29.19899,,,
17.75,28.69664,,,
17.76,28.16461,,,
17.77,27.60879,,,
17.78,27.03338,,,
17.79,26.44119,,,
17.8,25.83421,,,
17.81,25.21394,,,
17.82,24.58123,,,
17.83,23.93704,,,
17.84,23.28327,,,
17.85,22.62263,,,
17.86,21.95905,,,
17.87,21.29986,,,
17.88,20.65531,,,
17.89,20.03485,,,
17.9,19.4425,,,
17.91,18.87563,,,
17.92,18.32704,,,
17.93,17.78882,,,
17.94,17.25474,,,
17.95,16.72062,,,
17.96,16.18419,,,
17.97,15.64504,,,
17.98,15.10612,,,
17.99,14.57647,,,
18,14.07014,,,
18.01,13.60089,,,
18.02,13.17802,,,
18.03,12.80643,,,
18.04,12.48895,,,
18.05,12.22581,,,
18.06,12.01423,,,
18.07,11.85017,,,
18.08,11.73124,,,
18.09,11.65747,,,
18.1,11.62958,,,
18.11,11.64668,,,
18.12,11.70577,,,
18.13,11.80298,,,
18.14,11.93409,,,
18.15,12.09444,,,
18.16,12.28013,,,
18.17,12.48777,,,
18.18,12.71329,,,
18.19,12.9529,,,
18.2,13.20516,,,
18.21,13.47116,,,
18.22,13.75282,,,
18.23,14.05184,,,
18.24,14.36853,,,
18.25,14.69983,,,
18.26,15.03871,,,
18.27,15.37647,,,
18.28,15.70524,,,
18.29,16.01984,,,
18.3,16.31759,,,
18.31,16.59666,,,
18.32,16.85556,,,
18.33,17.09515,,,
18.34,17.31934,,,
18.35,17.53356,,,
18.36,17.74397,,,
18.37,17.95647,,,
18.38,18.17446,,,
18.39,18.39762,,,
18.4,18.62321,,,
18.41,18.85019,,,
18.42,19.08137,,,
18.43,19.32008,,,
18.44,19.56513,,,
18.45,19.80941,,,
18.46,20.04227,,,
18.47,20.25217,,,
18.48,20.42937,,,
18.49,20.56828,,,
18.5,20.66812,,,
18.51,20.73234,,,
18.52,20.76869,,,
18.53,20.78703,,,
18.54,20.79476,,,
18.55,20.79522,,,
18.56,20.78981,,,
18.57,20.77957,,,
18.58,20.76308,,,
18.59,20.73602,,,
18.6,20.69367,,,
18.61,20.63363,,,
18.62,20.55759,,,
18.63,20.47107,,,
18.64,20.38163,,,
18.65,20.29596,,,
18.66,20.21944,,,
18.67,20.1572,,,
18.68,20.11349,,,
18.69,20.09096,,,
18.7,20.09062,,,
18.71,20.11294,,,
18.72,20.1586,,,
18.73,20.22786,,,
18.74,20.31996,,,
18.75,20.43209,,,
18.76,20.55805,,,
18.77,20.68952,,,
18.78,20.81865,,,
18.79,20.93948,,,
18.8,21.0469,,,
18.81,21.13597,,,
18.82,21.20371,,,
18.83,21.25157,,,
18.84,21.28508,,,
18.85,21.30985,,,
18.86,21.3282,,,
18.87,21.33961,,,
18.88,21.34154,,,
18.89,21.33037,,,
18.9,21.30228,,,
18.91,21.25412,,,
18.92,21.18357,,,
18.93,21.08937,,,
18.94,20.97136,,,
18.95,20.83031,,,
18.96,20.66877,,,
18.97,20.49141,,,
18.98,20.30363,,,
18.99,20.10972,,,
19,19.91368,,,
19.01,19.72013,,,
19.02,19.53209,,,
19.03,19.34866,,,
19.04,19.16596,,,
19.05,18.9807,,,
19.06,18.79264,,,
19.07,18.60524,,,
19.08,18.42504,,,
19.09,18.25983,,,
19.1,18.11569,,,
19.11,17.99589,,,
19.12,17.90315,,,
19.13,17.84169,,,
19.14,17.81584,,,
19.15,17.8268,,,
19.16,17.8712,,,
19.17,17.94293,,,
19.18,18.036,,,
19.19,18.14688,,,
19.2,18.27547,,,
19.21,18.42375,,,
19.22,18.5943,,,
19.23,18.78963,,,
19.24,19.01119,,,
19.25,19.25747,,,
19.26,19.52393,,,
19.27,19.80531,,,
19.28,20.09843,,,
19.29,20.40266,,,
19.3,20.71717,,,
19.31,21.03952,,,
19.32,21.36764,,,
19.33,21.70113,,,
19.34,22.04068,,,
19.35,22.3872,,,
19.36,22.74177,,,
19.37,23.10436,,,
19.38,23.47298,,,
19.39,23.84459,,,
19.4,24.21618,,,
19.41,24.58412,,,
19.42,24.94413,,,
19.43,25.29172,,,
19.44,25.62364,,,
19.45,25.93929,,,
19.46,26.24201,,,
19.47,26.53883,,,
19.48,26.83756,,,
19.49,27.14262,,,
19.5,27.45291,,,
19.51,27.76266,,,
19.52,28.0625,,,
19.53,28.34155,,,
19.54,28.59051,,,
19.55,28.80397,,,
19.56,28.98026,,,
19.57,29.11897,,,
19.58,29.21912,,,
19.59,29.27966,,,
19.6,29.30092,,,
19.61,29.28591,,,
19.62,29.2413,,,
19.63,29.17559,,,
19.64,29.09599,,,
19.65,29.0058,,,
19.66,28.90474,,,
19.67,28.79096,,,
19.68,28.66181,,,
19.69,28.51447,,,
19.7,28.34572,,,
19.71,28.15311,,,
19.72,27.93502,,,
19.73,27.68956,,,
19.74,27.41444,,,
19.75,27.10766,,,
19.76,26.76804,,,
19.77,26.39541,,,
19.78,25.98999,,,
19.79,25.55185,,,
19.8,25.08044,,,
19.81,24.57598,,,
19.82,24.04148,,,
19.83,23.48411,,,
19.84,22.91402,,,
19.85,22.34121,,,
19.86,21.77297,,,
19.87,21.21195,,,
19.88,20.65628,,,
19.89,20.10147,,,
19.9,19.54239,,,
19.91,18.97336,,,
19.92,18.38971,,,
19.93,17.78923,,,
19.94,17.17178,,,
19.95,16.53912,,,
19.96,15.89464,,,
19.97,15.24322,,,
19.98,14.5909,,,
19.99,13.94362,,,
20,13.30602,,,
20.01,12.6816,,,
20.02,12.07412,,,
20.03,11.48903,,,
20.04,10.9329,,,
20.05,10.41111,,,
20.06,9.92541,,,
20.07,9.47373,,,
20.08,9.05146,,,
20.09,8.65332,,,
20.1,8.27506,,,
20.11,7.91425,,,
20.12,7.56954,,,
20.13,7.23983,,,
20.14,6.92405,,,
20.15,6.6215,,,
20.16,6.3315,,,
20.17,6.0527,,,
20.18,5.78304,,,
20.19,5.52095,,,
20.2,5.26591,,,
20.21,5.01783,,,
20.22,4.77628,,,
20.23,4.54008,,,
20.24,4.30594,,,
20.25,4.06847,,,
20.26,3.82217,,,
20.27,3.56253,,,
20.28,3.28635,,,
20.29,2.99264,,,
20.3,2.68426,,,
20.31,2.36738,,,
20.32,2.04869,,,
20.33,1.73361,,,
20.34,1.42562,,,
20.35,1.12532,,,
20.36,0.82947,,,
20.37,0.53299,,,
20.38,0.23225,,,
20.39,-0.07474,,,
20.4,-0.3898,,,
20.41,-0.71386,,,
20.42,-1.04411,,,
20.43,-1.37414,,,
20.44,-1.69787,,,
20.45,-2.01112,,,
20.46,-2.30905,,,
20.47,-2.58497,,,
20.48,-2.83197,,,
20.49,-3.04511,,,
20.5,-3.22353,,,
20.51,-3.37055,,,
20.52,-3.49247,,,
20.53,-3.59572,,,
20.54,-3.68418,,,
20.55,-3.75901,,,
20.56,-3.81972,,,
20.57,-3.86514,,,
20.58,-3.89419,,,
20.59,-3.90606,,,
20.6,-3.89884,,,
20.61,-3.86906,,,
20.62,-3.81375,,,
20.63,-3.73153,,,
20.64,-3.62167,,,
20.65,-3.48389,,,
20.66,-3.31898,,,
20.67,-3.12826,,,
20.68,-2.91136,,,
20.69,-2.66482,,,
20.7,-2.38285,,,
20.71,-2.06097,,,
20.72,-1.69837,,,
20.73,-1.29765,,,
20.74,-0.86344,,,
20.75,-0.40126,,,
20.76,0.08383,,,
20.77,0.58764,,,
20.78,1.10712,,,
20.79,1.64069,,,
20.8,2.18761,,,
20.81,2.74727,,,
20.82,3.31867,,,
20.83,3.90111,,,
20.84,4.4946,,,
20.85,5.0996,,,
20.86,5.71656,,,
20.87,6.34476,,,
20.88,6.98129,,,
20.89,7.62208,,,
20.9,8.26352,,,
20.91,8.902,,,
20.92,9.5319,,,
20.93,10.14529,,,
20.94,10.73328,,,
20.95,11.28699,,,
20.96,11.79808,,,
20.97,12.26013,,,
20.98,12.66971,,,
20.99,13.02711,,,
21,13.33697,,,
21.01,13.60743,,,
21.02,13.84753,,,
21.03,14.06517,,,
21.04,14.26652,,,
21.05,14.45564,,,
21.06,14.63314,,,
21.07,14.7966,,,
21.08,14.94243,,,
21.09,15.06742,,,
21.1,15.16935,,,
21.11,15.2469,,,
21.12,15.29894,,,
21.13,15.3234,,,
21.14,15.31742,,,
21.15,15.27996,,,
21.16,15.21505,,,
21.17,15.13093,,,
21.18,15.03651,,,
21.19,14.93989,,,
21.2,14.84876,,,
21.21,14.7701,,,
21.22,14.70974,,,
21.23,14.67171,,,
21.24,14.65885,,,
21.25,14.67377,,,
21.26,14.71714,,,
21.27,14.78542,,,
21.28,14.87018,,,
21.29,14.96027,,,
21.3,15.04509,,,
21.31,15.1169,,,
21.32,15.17131,,,
21.33,15.20638,,,
21.34,15.22255,,,
21.35,15.22321,,,
21.36,15.21399,,,
21.37,15.19984,,,
21.38,15.18315,,,
21.39,15.16404,,,
21.4,15.14185,,,
21.41,15.117,,,
21.42,15.09089,,,
21.43,15.06504,,,
21.44,15.04058,,,
21.45,15.01911,,,
21.46,15.00286,,,
21.47,14.99373,,,
21.48,14.9928,,,
21.49,14.9998,,,
21.5,15.01324,,,
21.51,15.03072,,,
21.52,15.04872,,,
21.53,15.06229,,,
21.54,15.06548,,,
21.55,15.05284,,,
21.56,15.02021,,,
21.57,14.96401,,,
21.58,14.88036,,,
21.59,14.76554,,,
21.6,14.61718,,,
21.61,14.43568,,,
21.62,14.22424,,,
21.63,13.98796,,,
21.64,13.73362,,,
21.65,13.46931,,,
21.66,13.20231,,,
21.67,12.93553,,,
21.68,12.66603,,,
21.69,12.38661,,,
21.7,12.08876,,,
21.71,11.76553,,,
21.72,11.41279,,,
21.73,11.02928,,,
21.74,10.61529,,,
21.75,10.17202,,,
21.76,9.70212,,,
21.77,9.2093,,,
21.78,8.69689,,,
21.79,8.16844,,,
21.8,7.62875,,,
21.81,7.08392,,,
21.82,6.54092,,,
21.83,6.0066,,,
21.84,5.48693,,,
21.85,4.98639,,,
21.86,4.50755,,,
21.87,4.05034,,,
21.88,3.61221,,,
21.89,3.18917,,,
21.9,2.77705,,,
21.91,2.37224,,,
21.92,1.97142,,,
21.93,1.57125,,,
21.94,1.16893,,,
21.95,0.76338,,,
21.96,0.35612,,,
21.97,-0.04982,,,
21.98,-0.45097,,,
21.99,-0.84399,,,
22,-1.22628,,,
22.01,-1.5969,,,
22.02,-1.95739,,,
22.03,-2.31086,,,
22.04,-2.66091,,,
22.05,-3.01133,,,
22.06,-3.36597,,,
22.07,-3.72762,,,
22.08,-4.09657,,,
22.09,-4.47065,,,
22.1,-4.84609,,,
22.11,-5.21912,,,
22.12,-5.58706,,,
22.13,-5.94821,,,
22.14,-6.30054,,,
22.15,-6.64178,,,
22.16,-6.97102,,,
22.17,-7.28868,,,
22.18,-7.59523,,,
22.19,-7.89004,,,
22.2,-8.17183,,,
22.21,-8.44039,,,
22.22,-8.69701,,,
22.23,-8.94286,,,
22.24,-9.17694,,,
22.25,-9.39602,,,
22.26,-9.59588,,,
22.27,-9.77323,,,
22.28,-9.92612,,,
22.29,-10.05366,,,
22.3,-10.15595,,,
22.31,-10.23404,,,
22.32,-10.29028,,,
22.33,-10.32828,,,
22.34,-10.35218,,,
22.35,-10.36583,,,
22.36,-10.37239,,,
22.37,-10.3747,,,
22.38,-10.37525,,,
22.39,-10.37561,,,
22.4,-10.3761,,,
22.41,-10.37564,,,
22.42,-10.37226,,,
22.43,-10.36386,,,
22.44,-10.34829,,,
22.45,-10.3236,,,
22.46,-10.28868,,,
22.47,-10.24267,,,
22.48,-10.18404,,,
22.49,-10.11133,,,
22.5,-10.02363,,,
22.51,-9.91969,,,
22.52,-9.79762,,,
22.53,-9.65561,,,
22.54,-9.49248,,,
22.55,-9.30712,,,
22.56,-9.09825,,,
22.57,-8.86569,,,
22.58,-8.61258,,,
22.59,-8.34538,,,
22.6,-8.07146,,,
22.61,-7.79633,,,
22.62,-7.52295,,,
22.63,-7.25278,,,
22.64,-6.98696,,,
22.65,-6.72639,,,
22.66,-6.47192,,,
22.67,-6.22338,,,
22.68,-5.97888,,,
22.69,-5.7355,,,
22.7,-5.49054,,,
22.71,-5.2431,,,
22.72,-4.9953,,,
22.73,-4.75185,,,
22.74,-4.51762,,,
22.75,-4.29693,,,
22.76,-4.09358,,,
22.77,-3.91131,,,
22.78,-3.75389,,,
22.79,-3.62386,,,
22.8,-3.52225,,,
22.81,-3.44916,,,
22.82,-3.40373,,,
22.83,-3.38283,,,
22.84,-3.38092,,,
22.85,-3.39151,,,
22.86,-3.40891,,,
22.87,-3.42913,,,
22.88,-3.44978,,,
22.89,-3.46952,,,
22.9,-3.48886,,,
22.91,-3.51183,,,
22.92,-3.54519,,,
22.93,-3.59615,,,
22.94,-3.67007,,,
22.95,-3.76885,,,
22.96,-3.89047,,,
22.97,-4.03042,,,
22.98,-4.18408,,,
22.99,-4.34796,,,
23,-4.51922,,,
23.01,-4.69484,,,
23.02,-4.87181,,,
23.03,-5.04916,,,
23.04,-5.22901,,,
23.05,-5.41605,,,
23.06,-5.61637,,,
23.07,-5.83618,,,
23.08,-6.08048,,,
23.09,-6.35217,,,
23.1,-6.65105,,,
23.11,-6.97414,,,
23.12,-7.31648,,,
23.13,-7.67139,,,
23.14,-8.03081,,,
23.15,-8.38672,,,
23.16,-8.73267,,,
23.17,-9.06428,,,
23.18,-9.37929,,,
23.19,-9.67727,,,
23.2,-9.9598,,,
23.21,-10.23073,,,
23.22,-10.49508,,,
23.23,-10.75779,,,
23.24,-11.02279,,,
23.25,-11.29214,,,
23.26,-11.56632,,,
23.27,-11.84453,,,
23.28,-12.12444,,,
23.29,-12.40241,,,
23.3,-12.67483,,,
23.31,-12.93928,,,
23.32,-13.19419,,,
23.33,-13.43795,,,
23.34,-13.66824,,,
23.35,-13.88265,,,
23.36,-14.08005,,,
23.37,-14.2614,,,
23.38,-14.4285,,,
23.39,-14.58191,,,
23.4,-14.72,,,
23.41,-14.83975,,,
23.42,-14.93741,,,
23.43,-15.00856,,,
23.44,-15.04825,,,
23.45,-15.05207,,,
23.46,-15.01906,,,
23.47,-14.95294,,,
23.48,-14.86159,,,
23.49,-14.75519,,,
23.5,-14.64424,,,
23.51,-14.53796,,,
23.52,-14.44325,,,
23.53,-14.36462,,,
23.54,-14.30468,,,
23.55,-14.26389,,,
23.56,-14.24015,,,
23.57,-14.22958,,,
23.58,-14.22798,,,
23.59,-14.23202,,,
23.6,-14.23887,,,
23.61,-14.2461,,,
23.62,-14.25171,,,
23.63,-14.25401,,,
23.64,-14.25154,,,
23.65,-14.24288,,,
23.66,-14.22628,,,
23.67,-14.20053,,,
23.68,-14.16535,,,
23.69,-14.12133,,,
23.7,-14.06913,,,
23.71,-14.00875,,,
23.72,-13.93973,,,
23.73,-13.8606,,,
23.74,-13.76881,,,
23.75,-13.66196,,,
23.76,-13.53957,,,
23.77,-13.40394,,,
23.78,-13.25936,,,
23.79,-13.11085,,,
23.8,-12.96226,,,
23.81,-12.81444,,,
23.82,-12.66553,,,
23.83,-12.5128,,,
23.84,-12.35414,,,
23.85,-12.18875,,,
23.86,-12.01696,,,
23.87,-11.83921,,,
23.88,-11.6558,,,
23.89,-11.46751,,,
23.9,-11.27573,,,
23.91,-11.08159,,,
23.92,-10.88586,,,
23.93,-10.6896,,,
23.94,-10.49407,,,
23.95,-10.30029,,,
23.96,-10.10865,,,
23.97,-9.91889,,,
23.98,-9.73034,,,
23.99,-9.5424,,,
24,-9.35439,,,
24.01,-9.16476,,,
24.02,-8.97085,,,
24.03,-8.77017,,,
24.04,-8.56179,,,
24.05,-8.34669,,,
24.06,-8.12737,,,
24.07,-7.90751,,,
24.08,-7.69147,,,
24.09,-7.48315,,,
24.1,-7.28579,,,
24.11,-7.1019,,,
24.12,-6.93353,,,
24.13,-6.7819,,,
24.14,-6.64574,,,
24.15,-6.52007,,,
24.16,-6.39767,,,
24.17,-6.27127,,,
24.18,-6.1349,,,
24.19,-5.98488,,,
24.2,-5.81983,,,
24.21,-5.63997,,,
24.22,-5.44668,,,
24.23,-5.24215,,,
24.24,-5.02929,,,
24.25,-4.81109,,,
24.26,-4.59016,,,
24.27,-4.36836,,,
24.28,-4.14687,,,
24.29,-3.92626,,,
24.3,-3.70619,,,
24.31,-3.48611,,,
24.32,-3.26639,,,
24.33,-3.04808,,,
24.34,-2.83216,,,
24.35,-2.61927,,,
24.36,-2.40986,,,
24.37,-2.20416,,,
24.38,-2.00243,,,
24.39,-1.80563,,,
24.4,-1.6152,,,
24.41,-1.43218,,,
24.42,-1.25679,,,
24.43,-1.08855,,,
24.44,-0.92628,,,
24.45,-0.76796,,,
24.46,-0.6103,,,
24.47,-0.44922,,,
24.48,-0.28075,,,
24.49,-0.10178,,,
24.5,0.08947,,,
24.51,0.2928,,,
24.52,0.50623,,,
24.53,0.72627,,,
24.54,0.94889,,,
24.55,1.17017,,,
24.56,1.38641,,,
24.57,1.59447,,,
24.58,1.7925,,,
24.59,1.98008,,,
24.6,2.15724,,,
24.61,2.32394,,,
24.62,2.48031,,,
24.63,2.62641,,,
24.64,2.76258,,,
24.65,2.8899,,,
24.66,3.00994,,,
24.67,3.12462,,,
24.68,3.23745,,,
24.69,3.35345,,,
24.7,3.47714,,,
24.71,3.60992,,,
24.72,3.74892,,,
24.73,3.88875,,,
24.74,4.02378,,,
24.75,4.14891,,,
24.76,4.25904,,,
24.77,4.34895,,,
24.78,4.41455,,,
24.79,4.45443,,,
24.8,4.46978,,,
24.81,4.46337,,,
24.82,4.43961,,,
24.83,4.40428,,,
24.84,4.36404,,,
24.85,4.3249,,,
24.86,4.2904,,,
24.87,4.26137,,,
24.88,4.23615,,,
24.89,4.21135,,,
24.9,4.18258,,,
24.91,4.14564,,,
24.92,4.09746,,,
24.93,4.03673,,,
24.94,3.96404,,,
24.95,3.8817,,,
24.96,3.79338,,,
24.97,3.70282,,,
24.98,3.61283,,,
24.99,3.52506,,,
25,3.44033,,,
25.01,3.35858,,,
25.02,3.27791,,,
25.03,3.19487,,,
25.04,3.10578,,,
25.05,3.0076,,,
25.06,2.898,,,
25.07,2.77512,,,
25.08,2.63743,,,
25.09,2.48414,,,
25.1,2.31555,,,
25.11,2.13385,,,
25.12,1.94351,,,
25.13,1.75041,,,
25.14,1.56018,,,
25.15,1.37736,,,
25.16,1.2049,,,
25.17,1.04347,,,
25.18,0.89183,,,
25.19,0.7479,,,
25.2,0.6099,,,
25.21,0.4769,,,
25.22,0.34902,,,
25.23,0.22762,,,
25.24,0.1145,,,
25.25,0.01066,,,
25.26,-0.08402,,,
25.27,-0.17009,,,
25.28,-0.24782,,,
25.29,-0.31765,,,
25.3,-0.3813,,,
25.31,-0.44194,,,
25.32,-0.50312,,,
25.33,-0.56805,,,
25.34,-0.63888,,,
25.35,-0.71605,,,
25.36,-0.79772,,,
25.37,-0.88038,,,
25.38,-0.96048,,,
25.39,-1.03536,,,
25.4,-1.10323,,,
25.41,-1.16217,,,
25.42,-1.2099,,,
25.43,-1.24443,,,
25.44,-1.26444,,,
25.45,-1.26883,,,
25.46,-1.25666,,,
25.47,-1.22676,,,
25.48,-1.17763,,,
25.49,-1.1081,,,
25.5,-1.01725,,,
25.51,-0.90443,,,
25.52,-0.76982,,,
25.53,-0.61502,,,
25.54,-0.44291,,,
25.55,-0.25732,,,
25.56,-0.06293,,,
25.57,0.1353,,,
25.58,0.33253,,,
25.59,0.52448,,,
25.6,0.70799,,,
25.61,0.88123,,,
25.62,1.044,,,
25.63,1.1969,,,
25.64,1.34078,,,
25.65,1.47596,,,
25.66,1.60176,,,
25.67,1.71616,,,
25.68,1.81642,,,
25.69,1.89969,,,
25.7,1.96352,,,
25.71,2.00616,,,
25.72,2.02745,,,
25.73,2.02905,,,
25.74,2.01375,,,
25.75,1.98368,,,
25.76,1.93934,,,
25.77,1.88032,,,
25.78,1.80627,,,
25.79,1.7174,,,
25.8,1.61487,,,
25.81,1.50023,,,
25.82,1.37459,,,
25.83,1.23774,,,
25.84,1.08875,,,
25.85,0.92713,,,
25.86,0.75318,,,
25.87,0.56795,,,
25.88,0.37306,,,
25.89,0.17029,,,
25.9,-0.03929,,,
25.91,-0.25565,,,
25.92,-0.47909,,,
25.93,-0.70998,,,
25.94,-0.94869,,,
25.95,-1.19543,,,
25.96,-1.45038,,,
25.97,-1.71392,,,
25.98,-1.98623,,,
25.99,-2.26644,,,
26,-2.55217,,,
26.01,-2.84122,,,
26.02,-3.1331,,,
26.03,-3.42846,,,
26.04,-3.72823,,,
26.05,-4.03273,,,
26.06,-4.34132,,,
26.07,-4.65203,,,
26.08,-4.96159,,,
26.09,-5.26562,,,
26.1,-5.5589,,,
26.11,-5.83569,,,
26.12,-6.091,,,
26.13,-6.32102,,,
26.14,-6.52342,,,
26.15,-6.69789,,,
26.16,-6.84704,,,
26.17,-6.97597,,,
26.18,-7.09042,,,
26.19,-7.19467,,,
26.2,-7.29027,,,
26.21,-7.37604,,,
26.22,-7.44945,,,
26.23,-7.5079,,,
26.24,-7.54945,,,
26.25,-7.5727,,,
26.26,-7.57711,,,
26.27,-7.56344,,,
26.28,-7.53415,,,
26.29,-7.49226,,,
26.3,-7.44067,,,
26.31,-7.38193,,,
26.32,-7.31839,,,
26.33,-7.25194,,,
26.34,-7.18357,,,
26.35,-7.11321,,,
26.36,-7.03959,,,
26.37,-6.96018,,,
26.38,-6.87195,,,
26.39,-6.7725,,,
26.4,-6.66063,,,
26.41,-6.53598,,,
26.42,-6.39815,,,
26.43,-6.24657,,,
26.44,-6.08047,,,
26.45,-5.89856,,,
26.46,-5.69892,,,
26.47,-5.47946,,,
26.48,-5.23888,,,
26.49,-4.97707,,,
26.5,-4.69512,,,
26.51,-4.39454,,,
26.52,-4.07677,,,
26.53,-3.74397,,,
26.54,-3.39876,,,
26.55,-3.04396,,,
26.56,-2.68204,,,
26.57,-2.31457,,,
26.58,-1.9422,,,
26.59,-1.56471,,,
26.6,-1.18212,,,
26.61,-0.79486,,,
26.62,-0.40321,,,
26.63,-0.00772,,,
26.64,0.39003,,,
26.65,0.78707,,,
26.66,1.18018,,,
26.67,1.56644,,,
26.68,1.94323,,,
26.69,2.30816,,,
26.7,2.65957,,,
26.71,2.99694,,,
26.72,3.32082,,,
26.73,3.63268,,,
26.74,3.93477,,,
26.75,4.22965,,,
26.76,4.51939,,,
26.77,4.80512,,,
26.78,5.08769,,,
26.79,5.36733,,,
26.8,5.6432,,,
26.81,5.91386,,,
26.82,6.17822,,,
26.83,6.43598,,,
26.84,6.68677,,,
26.85,6.9298,,,
26.86,7.16424,,,
26.87,7.38997,,,
26.88,7.60748,,,
26.89,7.81739,,,
26.9,8.0201,,,
26.91,8.21535,,,
26.92,8.40274,,,
26.93,8.58156,,,
26.94,8.74998,,,
26.95,8.90513,,,
26.96,9.04407,,,
26.97,9.16543,,,
26.98,9.27038,,,
26.99,9.36217,,,
27,9.44499,,,
27.01,9.52234,,,
27.02,9.59619,,,
27.03,9.66656,,,
27.04,9.73199,,,
27.05,9.79036,,,
27.06,9.83992,,,
27.07,9.87945,,,
27.08,9.90761,,,
27.09,9.92216,,,
27.1,9.92049,,,
27.11,9.90024,,,
27.12,9.8597,,,
27.13,9.79947,,,
27.14,9.72282,,,
27.15,9.63448,,,
27.16,9.53866,,,
27.17,9.43796,,,
27.18,9.33384,,,
27.19,9.22663,,,
27.2,9.11535,,,
27.21,8.99821,,,
27.22,8.87352,,,
27.23,8.74082,,,
27.24,8.60144,,,
27.25,8.45812,,,
27.26,8.31365,,,
27.27,8.1699,,,
27.28,8.02726,,,
27.29,7.88482,,,
27.3,7.74135,,,
27.31,7.59544,,,
27.32,7.44581,,,
27.33,7.29185,,,
27.34,7.13467,,,
27.35,6.97717,,,
27.36,6.82233,,,
27.37,6.67172,,,
27.38,6.5253,,,
27.39,6.38221,,,
27.4,6.2407,,,
27.41,6.09762,,,
27.42,5.94873,,,
27.43,5.78988,,,
27.44,5.61835,,,
27.45,5.43255,,,
27.46,5.23118,,,
27.47,5.01298,,,
27.48,4.77783,,,
27.49,4.52736,,,
27.5,4.26421,,,
27.51,3.99099,,,
27.52,3.71001,,,
27.53,3.42346,,,
27.54,3.13315,,,
27.55,2.84068,,,
27.56,2.54744,,,
27.57,2.25401,,,
27.58,1.96036,,,
27.59,1.66631,,,
27.6,1.37172,,,
27.61,1.07711,,,
27.62,0.78364,,,
27.63,0.49331,,,
27.64,0.20876,,,
27.65,-0.06687,,,
27.66,-0.32996,,,
27.67,-0.57711,,,
27.68,-0.80627,,,
27.69,-1.01749,,,
27.7,-1.21296,,,
27.71,-1.39564,,,
27.72,-1.56785,,,
27.73,-1.73057,,,
27.74,-1.88368,,,
27.75,-2.02653,,,
27.76,-2.158,,,
27.77,-2.27651,,,
27.78,-2.3803,,,
27.79,-2.46753,,,
27.8,-2.53608,,,
27.81,-2.58418,,,
27.82,-2.6108,,,
27.83,-2.61577,,,
27.84,-2.60065,,,
27.85,-2.56885,,,
27.86,-2.52529,,,
27.87,-2.47503,,,
27.88,-2.42173,,,
27.89,-2.36645,,,
27.9,-2.30805,,,
27.91,-2.24469,,,
27.92,-2.17468,,,
27.93,-2.0964,,,
27.94,-2.00812,,,
27.95,-1.90811,,,
27.96,-1.79431,,,
27.97,-1.66445,,,
27.98,-1.5165,,,
27.99,-1.34977,,,
28,-1.16494,,,
28.01,-0.96302,,,
28.02,-0.74494,,,
28.03,-0.51143,,,
28.04,-0.2634,,,
28.05,-0.00185,,,
28.06,0.2721,,,
28.07,0.55714,,,
28.08,0.85254,,,
28.09,1.15838,,,
28.1,1.4756,,,
28.11,1.80581,,,
28.12,2.15112,,,
28.13,2.51303,,,
28.14,2.89102,,,
28.15,3.28248,,,
28.16,3.68343,,,
28.17,4.08882,,,
28.18,4.49323,,,
28.19,4.89161,,,
28.2,5.27989,,,
28.21,5.65507,,,
28.22,6.01515,,,
28.23,6.35935,,,
28.24,6.68872,,,
28.25,7.00638,,,
28.26,7.31698,,,
28.27,7.62566,,,
28.28,7.93667,,,
28.29,8.25258,,,
28.3,8.57417,,,
28.31,8.90063,,,
28.32,9.23074,,,
28.33,9.56325,,,
28.34,9.89682,,,
28.35,10.23046,,,
28.36,10.56352,,,
28.37,10.89557,,,
28.38,11.2265,,,
28.39,11.55638,,,
28.4,11.88493,,,
28.41,12.21119,,,
28.42,12.53366,,,
28.43,12.84971,,,
28.44,13.15614,,,
28.45,13.44931,,,
28.46,13.72538,,,
28.47,13.98051,,,
28.48,14.21168,,,
28.49,14.41753,,,
28.5,14.59883,,,
28.51,14.75836,,,
28.52,14.89961,,,
28.53,15.02585,,,
28.54,15.13927,,,
28.55,15.24051,,,
28.56,15.32853,,,
28.57,15.40126,,,
28.58,15.45598,,,
28.59,15.48983,,,
28.6,15.50047,,,
28.61,15.48647,,,
28.62,15.44735,,,
28.63,15.38322,,,
28.64,15.29493,,,
28.65,15.18415,,,
28.66,15.053,,,
28.67,14.90399,,,
28.68,14.73997,,,
28.69,14.56373,,,
28.7,14.37734,,,
28.71,14.1821,,,
28.72,13.97899,,,
28.73,13.7682,,,
28.74,13.54884,,,
28.75,13.31915,,,
28.76,13.07729,,,
28.77,12.82175,,,
28.78,12.55155,,,
28.79,12.26655,,,
28.8,11.96794,,,
28.81,11.65856,,,
28.82,11.3425,,,
28.83,11.02374,,,
28.84,10.70524,,,
28.85,10.38956,,,
28.86,10.07896,,,
28.87,9.77491,,,
28.88,9.47705,,,
28.89,9.18244,,,
28.9,8.88647,,,
28.91,8.58413,,,
28.92,8.2713,,,
28.93,7.9453,,,
28.94,7.60535,,,
28.95,7.25239,,,
28.96,6.88871,,,
28.97,6.51752,,,
28.98,6.14183,,,
28.99,5.76432,,,
29,5.38775,,,
29.01,5.01454,,,
29.02,4.64618,,,
29.03,4.28283,,,
29.04,3.92418,,,
29.05,3.57014,,,
29.06,3.2208,,,
29.07,2.87677,,,
29.08,2.53922,,,
29.09,2.20992,,,
29.1,1.8904,,,
29.11,1.58065,,,
29.12,1.2788,,,
29.13,0.9821,,,
29.14,0.68802,,,
29.15,0.39511,,,
29.16,0.10332,,,
29.17,-0.18649,,,
29.18,-0.47266,,,
29.19,-0.7531,,,
29.2,-1.02595,,,
29.21,-1.29031,,,
29.22,-1.5465,,,
29.23,-1.79503,,,
29.24,-2.0351,,,
29.25,-2.26474,,,
29.26,-2.48226,,,
29.27,-2.68725,,,
29.28,-2.88062,,,
29.29,-3.06407,,,
29.3,-3.23933,,,
29.31,-3.40772,,,
29.32,-3.56952,,,
29.33,-3.72388,,,
29.34,-3.86937,,,
29.35,-4.00436,,,
29.36,-4.12718,,,
29.37,-4.23651,,,
29.38,-4.33084,,,
29.39,-4.40827,,,
29.4,-4.46731,,,
29.41,-4.50734,,,
29.42,-4.5289,,,
29.43,-4.53376,,,
29.44,-4.52494,,,
29.45,-4.50586,,,
29.46,-4.47916,,,
29.47,-4.44643,,,
29.48,-4.40798,,,
29.49,-4.36334,,,
29.5,-4.31202,,,
29.51,-4.25376,,,
29.52,-4.1881,,,
29.53,-4.11418,,,
29.54,-4.03059,,,
29.55,-3.93561,,,
29.56,-3.82809,,,
29.57,-3.70793,,,
29.58,-3.57568,,,
29.59,-3.43177,,,
29.6,-3.27623,,,
29.61,-3.10882,,,
29.62,-2.9293,,,
29.63,-2.73768,,,
29.64,-2.5343,,,
29.65,-2.31959,,,
29.66,-2.09376,,,
29.67,-1.85684,,,
29.68,-1.60884,,,
29.69,-1.35046,,,
29.7,-1.08335,,,
29.71,-0.80934,,,
29.72,-0.52989,,,
29.73,-0.2452,,,
29.74,0.04575,,,
29.75,0.34461,,,
29.76,0.65326,,,
29.77,0.973,,,
29.78,1.30403,,,
29.79,1.64533,,,
29.8,1.99473,,,
29.81,2.34922,,,
29.82,2.7057,,,
29.83,3.06172,,,
29.84,3.41556,,,
29.85,3.76621,,,
29.86,4.11399,,,
29.87,4.46108,,,
29.88,4.81027,,,
29.89,5.16364,,,
29.9,5.52239,,,
29.91,5.88659,,,
29.92,6.25531,,,
29.93,6.62667,,,
29.94,6.99809,,,
29.95,7.3669,,,
29.96,7.73116,,,
29.97,8.09037,,,
29.98,8.4453,,,
29.99,8.79705,,,
30,9.1465,,,
30.01,9.49369,,,
30.02,9.83768,,,
30.03,10.17701,,,
30.04,10.50996,,,
30.05,10.83483,,,
30.06,11.15019,,,
30.07,11.45461,,,
30.08,11.74636,,,
30.09,12.02305,,,
30.1,12.28178,,,
30.11,12.52054,,,
30.12,12.73918,,,
30.13,12.93928,,,
30.14,13.12339,,,
30.15,13.29414,,,
30.16,13.45327,,,
30.17,13.60263,,,
30.18,13.74419,,,
30.19,13.87983,,,
30.2,14.01139,,,
30.21,14.13941,,,
30.22,14.26228,,,
30.23,14.37709,,,
30.24,14.48126,,,
30.25,14.57347,,,
30.26,14.65357,,,
30.27,14.72179,,,
30.28,14.77834,,,
30.29,14.82355,,,
30.3,14.85777,,,
30.31,14.88092,,,
30.32,14.89258,,,
30.33,14.89264,,,
30.34,14.8812,,,
30.35,14.85729,,,
30.36,14.81899,,,
30.37,14.76433,,,
30.38,14.69206,,,
30.39,14.60168,,,
30.4,14.49295,,,
30.41,14.36576,,,
30.42,14.22041,,,
30.43,14.05783,,,
30.44,13.88019,,,
30.45,13.69093,,,
30.46,13.49377,,,
30.47,13.29109,,,
30.48,13.08371,,,
30.49,12.87182,,,
30.5,12.65616,,,
30.51,12.43872,,,
30.52,12.22195,,,
30.53,12.0078,,,
30.54,11.79738,,,
30.55,11.59071,,,
30.56,11.38689,,,
30.57,11.18446,,,
30.58,10.98202,,,
30.59,10.77861,,,
30.6,10.57376,,,
30.61,10.36686,,,
30.62,10.15732,,,
30.63,9.94456,,,
30.64,9.72804,,,
30.65,9.5072,,,
30.66,9.28201,,,
30.67,9.05345,,,
30.68,8.82382,,,
30.69,8.59588,,,
30.7,8.37172,,,
30.71,8.15258,,,
30.72,7.93917,,,
30.73,7.73167,,,
30.74,7.52927,,,
30.75,7.32957,,,
30.76,7.12888,,,
30.77,6.92336,,,
30.78,6.71024,,,
30.79,6.48868,,,
30.8,6.25994,,,
30.81,6.02661,,,
30.82,5.7923,,,
30.83,5.56081,,,
30.84,5.33572,,,
30.85,5.11954,,,
30.86,4.91316,,,
30.87,4.71617,,,
30.88,4.52745,,,
30.89,4.34527,,,
30.9,4.16737,,,
30.91,3.99133,,,
30.92,3.81576,,,
30.93,3.64087,,,
30.94,3.46829,,,
30.95,3.30017,,,
30.96,3.13828,,,
30.97,2.98381,,,
30.98,2.83762,,,
30.99,2.70073,,,
31,2.57395,,,
31.01,2.45776,,,
31.02,2.35255,,,
31.03,2.25849,,,
31.04,2.17509,,,
31.05,2.10115,,,
31.06,2.03523,,,
31.07,1.97614,,,
31.08,1.92302,,,
31.09,1.87492,,,
31.1,1.83061,,,
31.11,1.78912,,,
31.12,1.74983,,,
31.13,1.71245,,,
31.14,1.67699,,,
31.15,1.64373,,,
31.16,1.61325,,,
31.17,1.58626,,,
31.18,1.56327,,,
31.19,1.5449,,,
31.2,1.53249,,,
31.21,1.52752,,,
31.22,1.53137,,,
31.23,1.5453,,,
31.24,1.56988,,,
31.25,1.60487,,,
31.26,1.6497,,,
31.27,1.70416,,,
31.28,1.76768,,,
31.29,1.83895,,,
31.3,1.91637,,,
31.31,1.99776,,,
31.32,2.0806,,,
31.33,2.16219,,,
31.34,2.23952,,,
31.35,2.30994,,,
31.36,2.37175,,,
31.37,2.42498,,,
31.38,2.47165,,,
31.39,2.51499,,,
31.4,2.559,,,
31.41,2.60797,,,
31.42,2.66533,,,
31.43,2.73267,,,
31.44,2.80986,,,
31.45,2.89567,,,
31.46,2.98834,,,
31.47,3.08657,,,
31.48,3.18997,,,
31.49,3.29904,,,
31.5,3.41475,,,
31.51,3.53799,,,
31.52,3.66927,,,
31.53,3.80764,,,
31.54,3.95112,,,
31.55,4.09728,,,
31.56,4.24379,,,
31.57,4.38917,,,
31.58,4.53282,,,
31.59,4.67471,,,
31.6,4.81447,,,
31.61,4.95148,,,
31.62,5.08563,,,
31.63,5.21763,,,
31.64,5.34817,,,
31.65,5.47707,,,
31.66,5.60328,,,
31.67,5.72531,,,
31.68,5.84154,,,
31.69,5.95078,,,
31.7,6.05257,,,
31.71,6.14664,,,
31.72,6.23233,,,
31.73,6.3087,,,
31.74,6.37429,,,
31.75,6.42741,,,
31.76,6.46716,,,
31.77,6.4936,,,
31.78,6.50763,,,
31.79,6.51108,,,
31.8,6.50678,,,
31.81,6.49782,,,
31.82,6.48755,,,
31.83,6.47964,,,
31.84,6.47749,,,
31.85,6.48297,,,
31.86,6.49605,,,
31.87,6.51541,,,
31.88,6.53951,,,
31.89,6.56699,,,
31.9,6.59688,,,
31.91,6.62883,,,
31.92,6.66267,,,
31.93,6.69842,,,
31.94,6.73623,,,
31.95,6.7764,,,
31.96,6.81918,,,
31.97,6.86453,,,
31.98,6.91203,,,
31.99,6.96062,,,
32,7.00884,,,
32.01,7.05532,,,
32.02,7.09927,,,
32.03,7.14011,,,
32.04,7.17747,,,
32.05,7.2111,,,
32.06,7.24029,,,
32.07,7.26367,,,
32.08,7.27972,,,
32.09,7.28718,,,
32.1,7.28548,,,
32.11,7.27497,,,
32.12,7.25642,,,
32.13,7.22989,,,
32.14,7.19457,,,
32.15,7.14951,,,
32.16,7.09461,,,
32.17,7.03115,,,
32.18,6.96149,,,
32.19,6.88817,,,
32.2,6.81282,,,
32.21,6.73595,,,
32.22,6.65739,,,
32.23,6.57666,,,
32.24,6.49296,,,
32.25,6.40459,,,
32.26,6.30932,,,
32.27,6.20482,,,
32.28,6.08923,,,
32.29,5.96124,,,
32.3,5.82017,,,
32.31,5.6651,,,
32.32,5.49568,,,
32.33,5.31288,,,
32.34,5.1183,,,
32.35,4.91389,,,
32.36,4.70179,,,
32.37,4.48471,,,
32.38,4.26562,,,
32.39,4.0472,,,
32.4,3.83128,,,
32.41,3.61806,,,
32.42,3.40669,,,
32.43,3.19566,,,
32.44,2.98325,,,
32.45,2.76809,,,
32.46,2.54872,,,
32.47,2.32345,,,
32.48,2.09092,,,
32.49,1.85056,,,
32.5,1.60343,,,
32.51,1.35221,,,
32.52,1.10044,,,
32.53,0.8519,,,
32.54,0.6103,,,
32.55,0.37847,,,
32.56,0.15756,,,
32.57,-0.05288,,,
32.58,-0.25452,,,
32.59,-0.44938,,,
32.6,-0.63924,,,
32.61,-0.82479,,,
32.62,-1.00526,,,
32.63,-1.17882,,,
32.64,-1.34322,,,
32.65,-1.49614,,,
32.66,-1.63572,,,
32.67,-1.76076,,,
32.68,-1.87108,,,
32.69,-1.96748,,,
32.7,-2.05139,,,
32.71,-2.12403,,,
32.72,-2.18586,,,
32.73,-2.23727,,,
32.74,-2.27932,,,
32.75,-2.31351,,,
32.76,-2.3413,,,
32.77,-2.36408,,,
32.78,-2.38309,,,
32.79,-2.39941,,,
32.8,-2.41378,,,
32.81,-2.42654,,,
32.82,-2.43772,,,
32.83,-2.44717,,,
32.84,-2.454,,,
32.85,-2.45693,,,
32.86,-2.45464,,,
32.87,-2.44575,,,
32.88,-2.42884,,,
32.89,-2.40294,,,
32.9,-2.36704,,,
32.91,-2.32052,,,
32.92,-2.26331,,,
32.93,-2.19584,,,
32.94,-2.11867,,,
32.95,-2.03201,,,
32.96,-1.93579,,,
32.97,-1.83012,,,
32.98,-1.71551,,,
32.99,-1.59287,,,
33,-1.46328,,,
33.01,-1.32782,,,
33.02,-1.18716,,,
33.03,-1.04154,,,
33.04,-0.89135,,,
33.05,-0.73725,,,
33.06,-0.58056,,,
33.07,-0.42333,,,
33.08,-0.26801,,,
33.09,-0.11676,,,
33.1,0.02866,,,
33.11,0.16715,,,
33.12,0.29793,,,
33.13,0.42044,,,
33.14,0.53406,,,
33.15,0.63832,,,
33.16,0.73318,,,
33.17,0.81928,,,
33.18,0.89817,,,
33.19,0.97214,,,
33.2,1.04346,,,
33.21,1.11386,,,
33.22,1.18439,,,
33.23,1.25566,,,
33.24,1.32791,,,
33.25,1.40085,,,
33.26,1.47372,,,
33.27,1.54571,,,
33.28,1.61554,,,
33.29,1.6814,,,
33.3,1.74131,,,
33.31,1.79382,,,
33.32,1.83802,,,
33.33,1.87356,,,
33.34,1.90075,,,
33.35,1.92085,,,
33.36,1.93576,,,
33.37,1.94666,,,
33.38,1.95371,,,
33.39,1.95646,,,
33.4,1.95476,,,
33.41,1.94853,,,
33.42,1.93803,,,
33.43,1.92381,,,
33.44,1.90641,,,
33.45,1.88625,,,
33.46,1.86367,,,
33.47,1.83928,,,
33.48,1.81439,,,
33.49,1.79095,,,
33.5,1.77105,,,
33.51,1.75579,,,
33.52,1.7444,,,
33.53,1.73447,,,
33.54,1.72264,,,
33.55,1.70568,,,
33.56,1.68147,,,
33.57,1.64949,,,
33.58,1.61075,,,
33.59,1.56713,,,
33.6,1.52104,,,
33.61,1.47475,,,
33.62,1.42938,,,
33.63,1.38432,,,
33.64,1.33831,,,
33.65,1.29026,,,
33.66,1.23958,,,
33.67,1.18583,,,
33.68,1.12848,,,
33.69,1.06659,,,
33.7,0.99912,,,
33.71,0.92498,,,
33.72,0.84333,,,
33.73,0.75411,,,
33.74,0.65863,,,
33.75,0.55889,,,
33.76,0.45684,,,
33.77,0.35398,,,
33.78,0.25119,,,
33.79,0.14849,,,
33.8,0.04491,,,
33.81,-0.06102,,,
33.82,-0.17027,,,
33.83,-0.28272,,,
33.84,-0.39752,,,
33.85,-0.51373,,,
33.86,-0.63108,,,
33.87,-0.74958,,,
33.88,-0.86943,,,
33.89,-0.9915,,,
33.9,-1.11715,,,
33.91,-1.24785,,,
33.92,-1.38437,,,
33.93,-1.52657,,,
33.94,-1.67359,,,
33.95,-1.82417,,,
33.96,-1.97724,,,
33.97,-2.13233,,,
33.98,-2.28941,,,
33.99,-2.44849,,,
34,-2.60933,,,
34.01,-2.77113,,,
34.02,-2.93298,,,
34.03,-3.09419,,,
34.04,-3.25439,,,
34.05,-3.41336,,,
34.06,-3.57037,,,
34.07,-3.72433,,,
34.08,-3.87341,,,
34.09,-4.01577,,,
34.1,-4.15035,,,
34.11,-4.27706,,,
34.12,-4.39686,,,
34.13,-4.51164,,,
34.14,-4.62409,,,
34.15,-4.73669,,,
34.16,-4.85113,,,
34.17,-4.96824,,,
34.18,-5.08799,,,
34.19,-5.20947,,,
34.2,-5.33056,,,
34.21,-5.44798,,,
34.22,-5.5579,,,
34.23,-5.65717,,,
34.24,-5.74384,,,
34.25,-5.81695,,,
34.26,-5.87594,,,
34.27,-5.91978,,,
34.28,-5.94667,,,
34.29,-5.95452,,,
34.3,-5.94166,,,
34.31,-5.90729,,,
34.32,-5.85135,,,
34.33,-5.77485,,,
34.34,-5.67955,,,
34.35,-5.56747,,,
34.36,-5.44058,,,
34.37,-5.30033,,,
34.38,-5.14749,,,
34.39,-4.98212,,,
34.4,-4.80394,,,
34.41,-4.61273,,,
34.42,-4.40835,,,
34.43,-4.19064,,,
34.44,-3.95935,,,
34.45,-3.71433,,,
34.46,-3.45626,,,
34.47,-3.18642,,,
34.48,-2.90608,,,
34.49,-2.61602,,,
34.5,-2.31637,,,
34.51,-2.00693,,,
34.52,-1.68752,,,
34.53,-1.35813,,,
34.54,-1.01896,,,
34.55,-0.67042,,,
34.56,-0.3131,,,
34.57,0.05206,,,
34.58,0.42412,,,
34.59,0.80221,,,
34.6,1.18537,,,
34.61,1.57284,,,
34.62,1.96381,,,
34.63,2.35746,,,
34.64,2.75296,,,
34.65,3.14955,,,
34.66,3.54638,,,
34.67,3.94225,,,
34.68,4.3351,,,
34.69,4.7226,,,
34.7,5.10288,,,
34.71,5.47458,,,
34.72,5.83705,,,
34.73,6.19004,,,
34.74,6.53321,,,
34.75,6.86617,,,
34.76,7.18888,,,
34.77,7.50171,,,
34.78,7.8051,,,
34.79,8.09945,,,
34.8,8.38508,,,
34.81,8.66238,,,
34.82,8.93165,,,
34.83,9.19275,,,
34.84,9.445,,,
34.85,9.68736,,,
34.86,9.91851,,,
34.87,10.13756,,,
34.88,10.34415,,,
34.89,10.53785,,,
34.9,10.71832,,,
34.91,10.88537,,,
34.92,11.0389,,,
34.93,11.17885,,,
34.94,11.30503,,,
34.95,11.41699,,,
34.96,11.51432,,,
34.97,11.59671,,,
34.98,11.66452,,,
34.99,11.71834,,,
35,11.75848,,,
35.01,11.78454,,,
35.02,11.79572,,,
35.03,11.79084,,,
35.04,11.76827,,,
35.05,11.72615,,,
35.06,11.66206,,,
35.07,11.57341,,,
35.08,11.45777,,,
35.09,11.31402,,,
35.1,11.14257,,,
35.11,10.94525,,,
35.12,10.72467,,,
35.13,10.48396,,,
35.14,10.22625,,,
35.15,9.9544,,,
35.16,9.67076,,,
35.17,9.3774,,,
35.18,9.07584,,,
35.19,8.76721,,,
35.2,8.45217,,,
35.21,8.131,,,
35.22,7.80382,,,
35.23,7.47064,,,
35.24,7.13176,,,
35.25,6.78747,,,
35.26,6.43804,,,
35.27,6.08364,,,
35.28,5.72503,,,
35.29,5.36362,,,
35.3,5.00097,,,
35.31,4.63843,,,
35.32,4.27678,,,
35.33,3.9164,,,
35.34,3.55743,,,
35.35,3.19992,,,
35.36,2.8443,,,
35.37,2.49146,,,
35.38,2.14206,,,
35.39,1.79587,,,
35.4,1.45234,,,
35.41,1.11108,,,
35.42,0.77221,,,
35.43,0.43619,,,
35.44,0.10387,,,
35.45,-0.22395,,,
35.46,-0.54704,,,
35.47,-0.86563,,,
35.48,-1.18009,,,
35.49,-1.4906,,,
35.5,-1.7967,,,
35.51,-2.09746,,,
35.52,-2.39169,,,
35.53,-2.67831,,,
35.54,-2.95598,,,
35.55,-3.22326,,,
35.56,-3.47863,,,
35.57,-3.72046,,,
35.58,-3.94712,,,
35.59,-4.15723,,,
35.6,-4.35013,,,
35.61,-4.52593,,,
35.62,-4.68496,,,
35.63,-4.82696,,,
35.64,-4.95156,,,
35.65,-5.0583,,,
35.66,-5.14654,,,
35.67,-5.21563,,,
35.68,-5.26563,,,
35.69,-5.29691,,,
35.7,-5.30999,,,
35.71,-5.30561,,,
35.72,-5.28457,,,
35.73,-5.24771,,,
35.74,-5.19585,,,
35.75,-5.12988,,,
35.76,-5.0513,,,
35.77,-4.96226,,,
35.78,-4.86463,,,
35.79,-4.75945,,,
35.8,-4.64683,,,
35.81,-4.52676,,,
35.82,-4.39913,,,
35.83,-4.26343,,,
35.84,-4.11888,,,
35.85,-3.96463,,,
35.86,-3.8,,,
35.87,-3.62479,,,
35.88,-3.43911,,,
35.89,-3.24346,,,
35.9,-3.0384,,,
35.91,-2.82477,,,
35.92,-2.60323,,,
35.93,-2.37369,,,
35.94,-2.13572,,,
35.95,-1.88885,,,
35.96,-1.63284,,,
35.97,-1.36776,,,
35.98,-1.09362,,,
35.99,-0.81063,,,
36,-0.51911,,,
36.01,-0.21981,,,
36.02,0.08621,,,
36.03,0.39796,,,
36.04,0.71423,,,
36.05,1.03379,,,
36.06,1.3552,,,
36.07,1.67686,,,
36.08,1.99702,,,
36.09,2.31446,,,
36.1,2.62893,,,
36.11,2.94089,,,
36.12,3.25139,,,
36.13,3.56155,,,
36.14,3.87173,,,
36.15,4.18127,,,
36.16,4.48871,,,
36.17,4.79248,,,
36.18,5.09167,,,
36.19,5.38595,,,
36.2,5.67474,,,
36.21,5.9574,,,
36.22,6.2335,,,
36.23,6.50261,,,
36.24,6.76377,,,
36.25,7.01587,,,
36.26,7.25767,,,
36.27,7.48791,,,
36.28,7.70541,,,
36.29,7.90907,,,
36.3,8.09773,,,
36.31,8.27037,,,
36.32,8.42648,,,
36.33,8.56663,,,
36.34,8.69184,,,
36.35,8.80338,,,
36.36,8.90246,,,
36.37,8.99016,,,
36.38,9.06711,,,
36.39,9.13344,,,
36.4,9.18886,,,
36.41,9.2333,,,
36.42,9.26679,,,
36.43,9.28951,,,
36.44,9.30184,,,
36.45,9.30402,,,
36.46,9.29576,,,
36.47,9.27707,,,
36.48,9.24875,,,
36.49,9.21202,,,
36.5,9.16764,,,
36.51,9.1155,,,
36.52,9.0547,,,
36.53,8.98369,,,
36.54,8.90089,,,
36.55,8.80536,,,
36.56,8.69768,,,
36.57,8.5797,,,
36.58,8.45377,,,
36.59,8.32172,,,
36.6,8.18411,,,
36.61,8.03993,,,
36.62,7.88716,,,
36.63,7.72345,,,
36.64,7.54721,,,
36.65,7.35809,,,
36.66,7.15672,,,
36.67,6.94442,,,
36.68,6.72291,,,
36.69,6.49445,,,
36.7,6.26151,,,
36.71,6.02651,,,
36.72,5.79089,,,
36.73,5.55485,,,
36.74,5.31785,,,
36.75,5.07947,,,
36.76,4.83958,,,
36.77,4.59795,,,
36.78,4.35407,,,
36.79,4.10795,,,
36.8,3.86019,,,
36.81,3.61173,,,
36.82,3.36442,,,
36.83,3.12059,,,
36.84,2.88285,,,
36.85,2.65362,,,
36.86,2.43434,,,
36.87,2.22527,,,
36.88,2.02542,,,
36.89,1.83357,,,
36.9,1.64877,,,
36.91,1.47044,,,
36.92,1.29806,,,
36.93,1.13098,,,
36.94,0.96846,,,
36.95,0.80965,,,
36.96,0.65413,,,
36.97,0.50221,,,
36.98,0.35458,,,
36.99,0.2119,,,
37,0.07454,,,
37.01,-0.05693,,,
37.02,-0.18148,,,
37.03,-0.29785,,,
37.04,-0.40501,,,
37.05,-0.50247,,,
37.06,-0.58979,,,
37.07,-0.66597,,,
37.08,-0.72955,,,
37.09,-0.779,,,
37.1,-0.81315,,,
37.11,-0.83158,,,
37.12,-0.83472,,,
37.13,-0.82373,,,
37.14,-0.80019,,,
37.15,-0.76538,,,
37.16,-0.72064,,,
37.17,-0.66765,,,
37.18,-0.60812,,,
37.19,-0.54385,,,
37.2,-0.4765,,,
37.21,-0.40749,,,
37.22,-0.33771,,,
37.23,-0.26757,,,
37.24,-0.19712,,,
37.25,-0.12624,,,
37.26,-0.05464,,,
37.27,0.0181,,,
37.28,0.09234,,,
37.29,0.16855,,,
37.3,0.24728,,,
37.31,0.32929,,,
37.32,0.41519,,,
37.33,0.5053,,,
37.34,0.59926,,,
37.35,0.69605,,,
37.36,0.79479,,,
37.37,0.89456,,,
37.38,0.99421,,,
37.39,1.09252,,,
37.4,1.1885,,,
37.41,1.28174,,,
37.42,1.37239,,,
37.43,1.46041,,,
37.44,1.5454,,,
37.45,1.62658,,,
37.46,1.70359,,,
37.47,1.77641,,,
37.48,1.84528,,,
37.49,1.91068,,,
37.5,1.9731,,,
37.51,2.03329,,,
37.52,2.09206,,,
37.53,2.15006,,,
37.54,2.20745,,,
37.55,2.26423,,,
37.56,2.32029,,,
37.57,2.37544,,,
37.58,2.42979,,,
37.59,2.48384,,,
37.6,2.53821,,,
37.61,2.59355,,,
37.62,2.65056,,,
37.63,2.70972,,,
37.64,2.77047,,,
37.65,2.83139,,,
37.66,2.8907,,,
37.67,2.94642,,,
37.68,2.99694,,,
37.69,3.04164,,,
37.7,3.08085,,,
37.71,3.11551,,,
37.72,3.1471,,,
37.73,3.17787,,,
37.74,3.21044,,,
37.75,3.24709,,,
37.76,3.28944,,,
37.77,3.33836,,,
37.78,3.39375,,,
37.79,3.45492,,,
37.8,3.52089,,,
37.81,3.59031,,,
37.82,3.66183,,,
37.83,3.73432,,,
37.84,3.80721,,,
37.85,3.88046,,,
37.86,3.95433,,,
37.87,4.02887,,,
37.88,4.10403,,,
37.89,4.17994,,,
37.9,4.25698,,,
37.91,4.33533,,,
37.92,4.41476,,,
37.93,4.49457,,,
37.94,4.57378,,,
37.95,4.65095,,,
37.96,4.72428,,,
37.97,4.79243,,,
37.98,4.85515,,,
37.99,4.91314,,,
38,4.96762,,,
38.01,5.01983,,,
38.02,5.07045,,,
38.03,5.11946,,,
38.04,5.16616,,,
38.05,5.20949,,,
38.06,5.24864,,,
38.07,5.28316,,,
38.08,5.3129,,,
38.09,5.33798,,,
38.1,5.35884,,,
38.11,5.37632,,,
38.12,5.39113,,,
38.13,5.40382,,,
38.14,5.41463,,,
38.15,5.42357,,,
38.16,5.43018,,,
38.17,5.43361,,,
38.18,5.43322,,,
38.19,5.42848,,,
38.2,5.41924,,,
38.21,5.40598,,,
38.22,5.38973,,,
38.23,5.37181,,,
38.24,5.35361,,,
38.25,5.33662,,,
38.26,5.32243,,,
38.27,5.31236,,,
38.28,5.30718,,,
38.29,5.307,,,
38.3,5.31138,,,
38.31,5.31957,,,
38.32,5.33072,,,
38.33,5.34403,,,
38.34,5.35876,,,
38.35,5.37439,,,
38.36,5.39051,,,
38.37,5.40672,,,
38.38,5.42246,,,
38.39,5.43698,,,
38.4,5.4497,,,
38.41,5.46038,,,
38.42,5.46883,,,
38.43,5.47468,,,
38.44,5.47771,,,
38.45,5.47782,,,
38.46,5.47512,,,
38.47,5.46991,,,
38.48,5.46268,,,
38.49,5.45415,,,
38.5,5.44486,,,
38.51,5.43494,,,
38.52,5.42379,,,
38.53,5.41046,,,
38.54,5.3939,,,
38.55,5.37308,,,
38.56,5.34725,,,
38.57,5.31568,,,
38.58,5.27796,,,
38.59,5.23439,,,
38.6,5.18596,,,
38.61,5.13393,,,
38.62,5.07934,,,
38.63,5.02305,,,
38.64,4.96574,,,
38.65,4.90784,,,
38.66,4.84933,,,
38.67,4.78988,,,
38.68,4.72899,,,
38.69,4.66627,,,
38.7,4.60153,,,
38.71,4.53475,,,
38.72,4.46617,,,
38.73,4.39616,,,
38.74,4.32495,,,
38.75,4.25259,,,
38.76,4.17875,,,
38.77,4.1031,,,
38.78,4.02557,,,
38.79,3.94651,,,
38.8,3.86655,,,
38.81,3.78612,,,
38.82,3.7054,,,
38.83,3.62445,,,
38.84,3.54324,,,
38.85,3.46192,,,
38.86,3.381,,,
38.87,3.30116,,,
38.88,3.22309,,,
38.89,3.14744,,,
38.9,3.07467,,,
38.91,3.00492,,,
38.92,2.93821,,,
38.93,2.87453,,,
38.94,2.8138,,,
38.95,2.75607,,,
38.96,2.70162,,,
38.97,2.65102,,,
38.98,2.6049,,,
38.99,2.56376,,,
39,2.52796,,,
39.01,2.49748,,,
39.02,2.47194,,,
39.03,2.4506,,,
39.04,2.43262,,,
39.05,2.41718,,,
39.06,2.40356,,,
39.07,2.39124,,,
39.08,2.37986,,,
39.09,2.36946,,,
39.1,2.3606,,,
39.11,2.3542,,,
39.12,2.35124,,,
39.13,2.35224,,,
39.14,2.35733,,,
39.15,2.36643,,,
39.16,2.37943,,,
39.17,2.39608,,,
39.18,2.41615,,,
39.19,2.43942,,,
39.2,2.46543,,,
39.21,2.49372,,,
39.22,2.52388,,,
39.23,2.55562,,,
39.24,2.58856,,,
39.25,2.62211,,,
39.26,2.65567,,,
39.27,2.68863,,,
39.28,2.72043,,,
39.29,2.75061,,,
39.3,2.77896,,,
39.31,2.80553,,,
39.32,2.83072,,,
39.33,2.85507,,,
39.34,2.87922,,,
39.35,2.90381,,,
39.36,2.92925,,,
39.37,2.9557,,,
39.38,2.98302,,,
39.39,3.01087,,,
39.4,3.0386,,,
39.41,3.06549,,,
39.42,3.09107,,,
39.43,3.11508,,,
39.44,3.13747,,,
39.45,3.15826,,,
39.46,3.17749,,,
39.47,3.19515,,,
39.48,3.21124,,,
39.49,3.22576,,,
39.5,3.23866,,,
39.51,3.24969,,,
39.52,3.25857,,,
39.53,3.26501,,,
39.54,3.26882,,,
39.55,3.26993,,,
39.56,3.2685,,,
39.57,3.26472,,,
39.58,3.25888,,,
39.59,3.2513,,,
39.6,3.24232,,,
39.61,3.23225,,,
39.62,3.22131,,,
39.63,3.20978,,,
39.64,3.19795,,,
39.65,3.18599,,,
39.66,3.17404,,,
39.67,3.16217,,,
39.68,3.1504,,,
39.69,3.13873,,,
39.7,3.12715,,,
39.71,3.11567,,,
39.72,3.10431,,,
39.73,3.09314,,,
39.74,3.08227,,,
39.75,3.07181,,,
39.76,3.06191,,,
39.77,3.05269,,,
39.78,3.04414,,,
39.79,3.03618,,,
39.8,3.02871,,,
39.81,3.02164,,,
39.82,3.01497,,,
39.83,3.00871,,,
39.84,3.00292,,,
39.85,2.99761,,,
39.86,2.9927,,,
39.87,2.98818,,,
39.88,2.98397,,,
39.89,2.98015,,,
39.9,2.97671,,,
39.91,2.97367,,,
39.92,2.97101,,,
39.93,2.96865,,,
39.94,2.96658,,,
39.95,2.9647,,,
39.96,2.96293,,,
39.97,2.96126,,,
39.98,2.95969,,,
39.99,2.95822,,,
40,2.95685,,,
40.01,2.95557,,,
40.02,2.9544,,,
40.03,2.95332,,,
40.04,2.95234,,,
40.05,2.95145,,,
40.06,2.95068,,,
40.07,2.9501,,,
40.08,2.9497,,,
40.09,2.94951,,,
40.1,2.94949,,,
40.11,2.94959,,,
40.12,2.94979,,,
40.13,2.95008,,,
40.14,2.95047,,,
40.15,2.95095,,,
40.16,2.95144,,,
40.17,2.95193,,,
40.18,2.95242,,,
40.19,2.95291,,,
40.2,2.9534,,,
40.21,2.95387,,,
40.22,2.95427,,,
40.23,2.95456,,,
40.24,2.95476,,,
40.25,2.95485,,,
40.26,2.95485,,,
40.27,2.95476,,,
40.28,2.95458,,,
40.29,2.95438,,,
40.3,2.95418,,,
40.31,2.95399,,,
40.32,2.95379,,,
40.33,2.95359,,,
40.34,2.9534,,,
40.35,2.9532,,,
40.36,2.95302,,,
40.37,2.95292,,,
40.38,2.95292,,,
40.39,2.95302,,,
40.4,2.95322,,,
40.41,2.9535,,,
40.42,2.95379,,,
40.43,2.95409,,,
40.44,2.95438,,,
40.45,2.95467,,,
40.46,2.95497,,,
40.47,2.95526,,,
40.48,2.95556,,,
40.49,2.95585,,,
40.5,2.95615,,,
40.51,2.95644,,,
40.52,2.95673,,,
40.53,2.95703,,,
40.54,2.95732,,,
40.55,2.95762,,,
40.56,2.95791,,,
40.57,2.95821,,,
40.58,2.9585,,,
40.59,2.95879,,,
40.6,2.95909,,,
40.61,2.95938,,,
40.62,2.95968,,,
40.63,2.95997,,,
40.64,2.96027,,,
40.65,2.96056,,,
40.66,2.96085,,,
40.67,2.96115,,,
40.68,2.96144,,,
40.69,2.96174,,,
40.7,2.96203,,,
40.71,2.96233,,,
40.72,2.96262,,,
40.73,2.96291,,,
40.74,2.96321,,,
40.75,2.9635,,,
40.76,2.9638,,,
40.77,2.96409,,,
40.78,2.96439,,,
40.79,2.96468,,,
40.8,2.96497,,,
40.81,2.96527,,,
40.82,2.96556,,,
40.83,2.96586,,,
40.84,2.96615,,,
40.85,2.96645,,,
40.86,2.96674,,,
40.87,2.96703,,,
40.88,2.96733,,,
40.89,2.96762,,,
40.9,2.96792,,,
