# dataset: GeoCSV 2.0,
# delimiter: ,
# SID: II_PFO_00_BH1,
# sample_count: 2400,
# sample_rate_hz: 20,
# start_time: 2018-09-22T08:19:19.019538Z,
# field_unit: UTC, Counts
# field_type: datetime, INTEGER
Time, Sample
2018-09-22T08:19:19.019538Z,368
2018-09-22T08:19:19.069538Z,359
2018-09-22T08:19:19.119538Z,346
2018-09-22T08:19:19.169538Z,251
2018-09-22T08:19:19.219538Z,218
2018-09-22T08:19:19.269538Z,149
2018-09-22T08:19:19.319538Z,128
2018-09-22T08:19:19.369538Z,121
2018-09-22T08:19:19.419538Z,57
2018-09-22T08:19:19.469538Z,65
2018-09-22T08:19:19.519538Z,18
2018-09-22T08:19:19.569538Z,-4
2018-09-22T08:19:19.619538Z,0
2018-09-22T08:19:19.669538Z,-30
2018-09-22T08:19:19.719538Z,-53
2018-09-22T08:19:19.769538Z,-61
2018-09-22T08:19:19.819538Z,-39
2018-09-22T08:19:19.869538Z,-64
2018-09-22T08:19:19.919538Z,-63
2018-09-22T08:19:19.969538Z,-95
2018-09-22T08:19:20.019538Z,-132
2018-09-22T08:19:20.069538Z,-100
2018-09-22T08:19:20.119538Z,-90
2018-09-22T08:19:20.169538Z,-99
2018-09-22T08:19:20.219538Z,-132
2018-09-22T08:19:20.269538Z,-85
2018-09-22T08:19:20.319538Z,-78
2018-09-22T08:19:20.369538Z,-86
2018-09-22T08:19:20.419538Z,-66
2018-09-22T08:19:20.469538Z,-95
2018-09-22T08:19:20.519538Z,-47
2018-09-22T08:19:20.569538Z,-84
2018-09-22T08:19:20.619538Z,-89
2018-09-22T08:19:20.669538Z,-56
2018-09-22T08:19:20.719538Z,-67
2018-09-22T08:19:20.769538Z,-12
2018-09-22T08:19:20.819538Z,-6
2018-09-22T08:19:20.869538Z,14
2018-09-22T08:19:20.919538Z,17
2018-09-22T08:19:20.969538Z,30
2018-09-22T08:19:21.019538Z,64
2018-09-22T08:19:21.069538Z,109
2018-09-22T08:19:21.119538Z,118
2018-09-22T08:19:21.169538Z,111
2018-09-22T08:19:21.219538Z,217
2018-09-22T08:19:21.269538Z,228
2018-09-22T08:19:21.319538Z,243
2018-09-22T08:19:21.369538Z,269
2018-09-22T08:19:21.419538Z,256
2018-09-22T08:19:21.469538Z,324
2018-09-22T08:19:21.519538Z,334
2018-09-22T08:19:21.569538Z,368
2018-09-22T08:19:21.619538Z,381
2018-09-22T08:19:21.669538Z,380
2018-09-22T08:19:21.719538Z,434
2018-09-22T08:19:21.769538Z,461
2018-09-22T08:19:21.819538Z,503
2018-09-22T08:19:21.869538Z,527
2018-09-22T08:19:21.919538Z,565
2018-09-22T08:19:21.969538Z,617
2018-09-22T08:19:22.019538Z,648
2018-09-22T08:19:22.069538Z,665
2018-09-22T08:19:22.119538Z,702
2018-09-22T08:19:22.169538Z,742
2018-09-22T08:19:22.219538Z,774
2018-09-22T08:19:22.269538Z,805
2018-09-22T08:19:22.319538Z,816
2018-09-22T08:19:22.369538Z,857
2018-09-22T08:19:22.419538Z,873
2018-09-22T08:19:22.469538Z,892
2018-09-22T08:19:22.519538Z,928
2018-09-22T08:19:22.569538Z,939
2018-09-22T08:19:22.619538Z,963
2018-09-22T08:19:22.669538Z,977
2018-09-22T08:19:22.719538Z,992
2018-09-22T08:19:22.769538Z,983
2018-09-22T08:19:22.819538Z,943
2018-09-22T08:19:22.869538Z,985
2018-09-22T08:19:22.919538Z,992
2018-09-22T08:19:22.969538Z,954
2018-09-22T08:19:23.019538Z,947
2018-09-22T08:19:23.069538Z,918
2018-09-22T08:19:23.119538Z,910
2018-09-22T08:19:23.169538Z,896
2018-09-22T08:19:23.219538Z,885
2018-09-22T08:19:23.269538Z,866
2018-09-22T08:19:23.319538Z,850
2018-09-22T08:19:23.369538Z,844
2018-09-22T08:19:23.419538Z,826
2018-09-22T08:19:23.469538Z,766
2018-09-22T08:19:23.519538Z,730
2018-09-22T08:19:23.569538Z,729
2018-09-22T08:19:23.619538Z,676
2018-09-22T08:19:23.669538Z,679
2018-09-22T08:19:23.719538Z,628
2018-09-22T08:19:23.769538Z,591
2018-09-22T08:19:23.819538Z,627
2018-09-22T08:19:23.869538Z,583
2018-09-22T08:19:23.919538Z,535
2018-09-22T08:19:23.969538Z,522
2018-09-22T08:19:24.019538Z,498
2018-09-22T08:19:24.069538Z,435
2018-09-22T08:19:24.119538Z,402
2018-09-22T08:19:24.169538Z,419
2018-09-22T08:19:24.219538Z,378
2018-09-22T08:19:24.269538Z,289
2018-09-22T08:19:24.319538Z,256
2018-09-22T08:19:24.369538Z,226
2018-09-22T08:19:24.419538Z,205
2018-09-22T08:19:24.469538Z,175
2018-09-22T08:19:24.519538Z,89
2018-09-22T08:19:24.569538Z,53
2018-09-22T08:19:24.619538Z,49
2018-09-22T08:19:24.669538Z,35
2018-09-22T08:19:24.719538Z,-14
2018-09-22T08:19:24.769538Z,-45
2018-09-22T08:19:24.819538Z,-56
2018-09-22T08:19:24.869538Z,-105
2018-09-22T08:19:24.919538Z,-121
2018-09-22T08:19:24.969538Z,-122
2018-09-22T08:19:25.019538Z,-159
2018-09-22T08:19:25.069538Z,-188
2018-09-22T08:19:25.119538Z,-184
2018-09-22T08:19:25.169538Z,-197
2018-09-22T08:19:25.219538Z,-197
2018-09-22T08:19:25.269538Z,-199
2018-09-22T08:19:25.319538Z,-228
2018-09-22T08:19:25.369538Z,-236
2018-09-22T08:19:25.419538Z,-250
2018-09-22T08:19:25.469538Z,-254
2018-09-22T08:19:25.519538Z,-247
2018-09-22T08:19:25.569538Z,-263
2018-09-22T08:19:25.619538Z,-266
2018-09-22T08:19:25.669538Z,-265
2018-09-22T08:19:25.719538Z,-234
2018-09-22T08:19:25.769538Z,-197
2018-09-22T08:19:25.819538Z,-217
2018-09-22T08:19:25.869538Z,-225
2018-09-22T08:19:25.919538Z,-263
2018-09-22T08:19:25.969538Z,-267
2018-09-22T08:19:26.019538Z,-205
2018-09-22T08:19:26.069538Z,-202
2018-09-22T08:19:26.119538Z,-206
2018-09-22T08:19:26.169538Z,-216
2018-09-22T08:19:26.219538Z,-182
2018-09-22T08:19:26.269538Z,-120
2018-09-22T08:19:26.319538Z,-101
2018-09-22T08:19:26.369538Z,-69
2018-09-22T08:19:26.419538Z,-57
2018-09-22T08:19:26.469538Z,-62
2018-09-22T08:19:26.519538Z,-16
2018-09-22T08:19:26.569538Z,45
2018-09-22T08:19:26.619538Z,65
2018-09-22T08:19:26.669538Z,104
2018-09-22T08:19:26.719538Z,154
2018-09-22T08:19:26.769538Z,154
2018-09-22T08:19:26.819538Z,203
2018-09-22T08:19:26.869538Z,268
2018-09-22T08:19:26.919538Z,273
2018-09-22T08:19:26.969538Z,311
2018-09-22T08:19:27.019538Z,343
2018-09-22T08:19:27.069538Z,328
2018-09-22T08:19:27.119538Z,369
2018-09-22T08:19:27.169538Z,442
2018-09-22T08:19:27.219538Z,458
2018-09-22T08:19:27.269538Z,466
2018-09-22T08:19:27.319538Z,543
2018-09-22T08:19:27.369538Z,628
2018-09-22T08:19:27.419538Z,621
2018-09-22T08:19:27.469538Z,664
2018-09-22T08:19:27.519538Z,733
2018-09-22T08:19:27.569538Z,719
2018-09-22T08:19:27.619538Z,754
2018-09-22T08:19:27.669538Z,759
2018-09-22T08:19:27.719538Z,757
2018-09-22T08:19:27.769538Z,840
2018-09-22T08:19:27.819538Z,882
2018-09-22T08:19:27.869538Z,880
2018-09-22T08:19:27.919538Z,889
2018-09-22T08:19:27.969538Z,881
2018-09-22T08:19:28.019538Z,871
2018-09-22T08:19:28.069538Z,874
2018-09-22T08:19:28.119538Z,880
2018-09-22T08:19:28.169538Z,873
2018-09-22T08:19:28.219538Z,844
2018-09-22T08:19:28.269538Z,866
2018-09-22T08:19:28.319538Z,880
2018-09-22T08:19:28.369538Z,871
2018-09-22T08:19:28.419538Z,894
2018-09-22T08:19:28.469538Z,880
2018-09-22T08:19:28.519538Z,873
2018-09-22T08:19:28.569538Z,895
2018-09-22T08:19:28.619538Z,906
2018-09-22T08:19:28.669538Z,890
2018-09-22T08:19:28.719538Z,868
2018-09-22T08:19:28.769538Z,873
2018-09-22T08:19:28.819538Z,828
2018-09-22T08:19:28.869538Z,808
2018-09-22T08:19:28.919538Z,844
2018-09-22T08:19:28.969538Z,819
2018-09-22T08:19:29.019538Z,780
2018-09-22T08:19:29.069538Z,764
2018-09-22T08:19:29.119538Z,741
2018-09-22T08:19:29.169538Z,724
2018-09-22T08:19:29.219538Z,723
2018-09-22T08:19:29.269538Z,674
2018-09-22T08:19:29.319538Z,615
2018-09-22T08:19:29.369538Z,601
2018-09-22T08:19:29.419538Z,578
2018-09-22T08:19:29.469538Z,552
2018-09-22T08:19:29.519538Z,520
2018-09-22T08:19:29.569538Z,463
2018-09-22T08:19:29.619538Z,416
2018-09-22T08:19:29.669538Z,386
2018-09-22T08:19:29.719538Z,365
2018-09-22T08:19:29.769538Z,349
2018-09-22T08:19:29.819538Z,287
2018-09-22T08:19:29.869538Z,223
2018-09-22T08:19:29.919538Z,213
2018-09-22T08:19:29.969538Z,205
2018-09-22T08:19:30.019538Z,184
2018-09-22T08:19:30.069538Z,127
2018-09-22T08:19:30.119538Z,105
2018-09-22T08:19:30.169538Z,130
2018-09-22T08:19:30.219538Z,115
2018-09-22T08:19:30.269538Z,113
2018-09-22T08:19:30.319538Z,79
2018-09-22T08:19:30.369538Z,71
2018-09-22T08:19:30.419538Z,77
2018-09-22T08:19:30.469538Z,11
2018-09-22T08:19:30.519538Z,23
2018-09-22T08:19:30.569538Z,16
2018-09-22T08:19:30.619538Z,-11
2018-09-22T08:19:30.669538Z,15
2018-09-22T08:19:30.719538Z,10
2018-09-22T08:19:30.769538Z,-7
2018-09-22T08:19:30.819538Z,-22
2018-09-22T08:19:30.869538Z,-26
2018-09-22T08:19:30.919538Z,-49
2018-09-22T08:19:30.969538Z,-52
2018-09-22T08:19:31.019538Z,-17
2018-09-22T08:19:31.069538Z,-35
2018-09-22T08:19:31.119538Z,-51
2018-09-22T08:19:31.169538Z,-48
2018-09-22T08:19:31.219538Z,-35
2018-09-22T08:19:31.269538Z,-1
2018-09-22T08:19:31.319538Z,-25
2018-09-22T08:19:31.369538Z,-37
2018-09-22T08:19:31.419538Z,-14
2018-09-22T08:19:31.469538Z,25
2018-09-22T08:19:31.519538Z,56
2018-09-22T08:19:31.569538Z,28
2018-09-22T08:19:31.619538Z,45
2018-09-22T08:19:31.669538Z,113
2018-09-22T08:19:31.719538Z,172
2018-09-22T08:19:31.769538Z,193
2018-09-22T08:19:31.819538Z,208
2018-09-22T08:19:31.869538Z,227
2018-09-22T08:19:31.919538Z,233
2018-09-22T08:19:31.969538Z,279
2018-09-22T08:19:32.019538Z,314
2018-09-22T08:19:32.069538Z,326
2018-09-22T08:19:32.119538Z,381
2018-09-22T08:19:32.169538Z,391
2018-09-22T08:19:32.219538Z,388
2018-09-22T08:19:32.269538Z,428
2018-09-22T08:19:32.319538Z,463
2018-09-22T08:19:32.369538Z,493
2018-09-22T08:19:32.419538Z,477
2018-09-22T08:19:32.469538Z,480
2018-09-22T08:19:32.519538Z,493
2018-09-22T08:19:32.569538Z,486
2018-09-22T08:19:32.619538Z,493
2018-09-22T08:19:32.669538Z,480
2018-09-22T08:19:32.719538Z,502
2018-09-22T08:19:32.769538Z,519
2018-09-22T08:19:32.819538Z,496
2018-09-22T08:19:32.869538Z,511
2018-09-22T08:19:32.919538Z,513
2018-09-22T08:19:32.969538Z,528
2018-09-22T08:19:33.019538Z,549
2018-09-22T08:19:33.069538Z,531
2018-09-22T08:19:33.119538Z,526
2018-09-22T08:19:33.169538Z,514
2018-09-22T08:19:33.219538Z,547
2018-09-22T08:19:33.269538Z,572
2018-09-22T08:19:33.319538Z,537
2018-09-22T08:19:33.369538Z,516
2018-09-22T08:19:33.419538Z,497
2018-09-22T08:19:33.469538Z,502
2018-09-22T08:19:33.519538Z,504
2018-09-22T08:19:33.569538Z,467
2018-09-22T08:19:33.619538Z,424
2018-09-22T08:19:33.669538Z,421
2018-09-22T08:19:33.719538Z,448
2018-09-22T08:19:33.769538Z,437
2018-09-22T08:19:33.819538Z,402
2018-09-22T08:19:33.869538Z,395
2018-09-22T08:19:33.919538Z,407
2018-09-22T08:19:33.969538Z,402
2018-09-22T08:19:34.019538Z,445
2018-09-22T08:19:34.069538Z,422
2018-09-22T08:19:34.119538Z,378
2018-09-22T08:19:34.169538Z,416
2018-09-22T08:19:34.219538Z,427
2018-09-22T08:19:34.269538Z,462
2018-09-22T08:19:34.319538Z,473
2018-09-22T08:19:34.369538Z,472
2018-09-22T08:19:34.419538Z,466
2018-09-22T08:19:34.469538Z,484
2018-09-22T08:19:34.519538Z,537
2018-09-22T08:19:34.569538Z,498
2018-09-22T08:19:34.619538Z,464
2018-09-22T08:19:34.669538Z,483
2018-09-22T08:19:34.719538Z,505
2018-09-22T08:19:34.769538Z,505
2018-09-22T08:19:34.819538Z,496
2018-09-22T08:19:34.869538Z,512
2018-09-22T08:19:34.919538Z,540
2018-09-22T08:19:34.969538Z,555
2018-09-22T08:19:35.019538Z,542
2018-09-22T08:19:35.069538Z,548
2018-09-22T08:19:35.119538Z,568
2018-09-22T08:19:35.169538Z,585
2018-09-22T08:19:35.219538Z,579
2018-09-22T08:19:35.269538Z,563
2018-09-22T08:19:35.319538Z,563
2018-09-22T08:19:35.369538Z,553
2018-09-22T08:19:35.419538Z,535
2018-09-22T08:19:35.469538Z,522
2018-09-22T08:19:35.519538Z,562
2018-09-22T08:19:35.569538Z,576
2018-09-22T08:19:35.619538Z,571
2018-09-22T08:19:35.669538Z,589
2018-09-22T08:19:35.719538Z,591
2018-09-22T08:19:35.769538Z,585
2018-09-22T08:19:35.819538Z,605
2018-09-22T08:19:35.869538Z,612
2018-09-22T08:19:35.919538Z,570
2018-09-22T08:19:35.969538Z,605
2018-09-22T08:19:36.019538Z,604
2018-09-22T08:19:36.069538Z,579
2018-09-22T08:19:36.119538Z,591
2018-09-22T08:19:36.169538Z,564
2018-09-22T08:19:36.219538Z,575
2018-09-22T08:19:36.269538Z,584
2018-09-22T08:19:36.319538Z,572
2018-09-22T08:19:36.369538Z,541
2018-09-22T08:19:36.419538Z,531
2018-09-22T08:19:36.469538Z,503
2018-09-22T08:19:36.519538Z,445
2018-09-22T08:19:36.569538Z,449
2018-09-22T08:19:36.619538Z,419
2018-09-22T08:19:36.669538Z,376
2018-09-22T08:19:36.719538Z,382
2018-09-22T08:19:36.769538Z,336
2018-09-22T08:19:36.819538Z,301
2018-09-22T08:19:36.869538Z,319
2018-09-22T08:19:36.919538Z,282
2018-09-22T08:19:36.969538Z,251
2018-09-22T08:19:37.019538Z,234
2018-09-22T08:19:37.069538Z,214
2018-09-22T08:19:37.119538Z,205
2018-09-22T08:19:37.169538Z,154
2018-09-22T08:19:37.219538Z,95
2018-09-22T08:19:37.269538Z,86
2018-09-22T08:19:37.319538Z,79
2018-09-22T08:19:37.369538Z,46
2018-09-22T08:19:37.419538Z,21
2018-09-22T08:19:37.469538Z,0
2018-09-22T08:19:37.519538Z,-34
2018-09-22T08:19:37.569538Z,-74
2018-09-22T08:19:37.619538Z,-93
2018-09-22T08:19:37.669538Z,-144
2018-09-22T08:19:37.719538Z,-155
2018-09-22T08:19:37.769538Z,-146
2018-09-22T08:19:37.819538Z,-193
2018-09-22T08:19:37.869538Z,-204
2018-09-22T08:19:37.919538Z,-239
2018-09-22T08:19:37.969538Z,-261
2018-09-22T08:19:38.019538Z,-243
2018-09-22T08:19:38.069538Z,-220
2018-09-22T08:19:38.119538Z,-214
2018-09-22T08:19:38.169538Z,-270
2018-09-22T08:19:38.219538Z,-278
2018-09-22T08:19:38.269538Z,-245
2018-09-22T08:19:38.319538Z,-241
2018-09-22T08:19:38.369538Z,-243
2018-09-22T08:19:38.419538Z,-247
2018-09-22T08:19:38.469538Z,-261
2018-09-22T08:19:38.519538Z,-243
2018-09-22T08:19:38.569538Z,-210
2018-09-22T08:19:38.619538Z,-198
2018-09-22T08:19:38.669538Z,-183
2018-09-22T08:19:38.719538Z,-151
2018-09-22T08:19:38.769538Z,-114
2018-09-22T08:19:38.819538Z,-72
2018-09-22T08:19:38.869538Z,-22
2018-09-22T08:19:38.919538Z,29
2018-09-22T08:19:38.969538Z,59
2018-09-22T08:19:39.019538Z,81
2018-09-22T08:19:39.069538Z,130
2018-09-22T08:19:39.119538Z,160
2018-09-22T08:19:39.169538Z,206
2018-09-22T08:19:39.219538Z,240
2018-09-22T08:19:39.269538Z,264
2018-09-22T08:19:39.319538Z,334
2018-09-22T08:19:39.369538Z,357
2018-09-22T08:19:39.419538Z,393
2018-09-22T08:19:39.469538Z,439
2018-09-22T08:19:39.519538Z,470
2018-09-22T08:19:39.569538Z,532
2018-09-22T08:19:39.619538Z,567
2018-09-22T08:19:39.669538Z,640
2018-09-22T08:19:39.719538Z,667
2018-09-22T08:19:39.769538Z,684
2018-09-22T08:19:39.819538Z,760
2018-09-22T08:19:39.869538Z,771
2018-09-22T08:19:39.919538Z,823
2018-09-22T08:19:39.969538Z,876
2018-09-22T08:19:40.019538Z,903
2018-09-22T08:19:40.069538Z,939
2018-09-22T08:19:40.119538Z,946
2018-09-22T08:19:40.169538Z,974
2018-09-22T08:19:40.219538Z,1014
2018-09-22T08:19:40.269538Z,1044
2018-09-22T08:19:40.319538Z,1086
2018-09-22T08:19:40.369538Z,1127
2018-09-22T08:19:40.419538Z,1125
2018-09-22T08:19:40.469538Z,1128
2018-09-22T08:19:40.519538Z,1122
2018-09-22T08:19:40.569538Z,1103
2018-09-22T08:19:40.619538Z,1113
2018-09-22T08:19:40.669538Z,1104
2018-09-22T08:19:40.719538Z,1067
2018-09-22T08:19:40.769538Z,1039
2018-09-22T08:19:40.819538Z,1031
2018-09-22T08:19:40.869538Z,1008
2018-09-22T08:19:40.919538Z,937
2018-09-22T08:19:40.969538Z,880
2018-09-22T08:19:41.019538Z,860
2018-09-22T08:19:41.069538Z,811
2018-09-22T08:19:41.119538Z,774
2018-09-22T08:19:41.169538Z,715
2018-09-22T08:19:41.219538Z,620
2018-09-22T08:19:41.269538Z,582
2018-09-22T08:19:41.319538Z,537
2018-09-22T08:19:41.369538Z,485
2018-09-22T08:19:41.419538Z,451
2018-09-22T08:19:41.469538Z,426
2018-09-22T08:19:41.519538Z,366
2018-09-22T08:19:41.569538Z,285
2018-09-22T08:19:41.619538Z,268
2018-09-22T08:19:41.669538Z,215
2018-09-22T08:19:41.719538Z,187
2018-09-22T08:19:41.769538Z,173
2018-09-22T08:19:41.819538Z,125
2018-09-22T08:19:41.869538Z,93
2018-09-22T08:19:41.919538Z,36
2018-09-22T08:19:41.969538Z,27
2018-09-22T08:19:42.019538Z,0
2018-09-22T08:19:42.069538Z,-54
2018-09-22T08:19:42.119538Z,-40
2018-09-22T08:19:42.169538Z,-16
2018-09-22T08:19:42.219538Z,-28
2018-09-22T08:19:42.269538Z,-58
2018-09-22T08:19:42.319538Z,-75
2018-09-22T08:19:42.369538Z,-88
2018-09-22T08:19:42.419538Z,-76
2018-09-22T08:19:42.469538Z,-57
2018-09-22T08:19:42.519538Z,-116
2018-09-22T08:19:42.569538Z,-140
2018-09-22T08:19:42.619538Z,-104
2018-09-22T08:19:42.669538Z,-98
2018-09-22T08:19:42.719538Z,-100
2018-09-22T08:19:42.769538Z,-149
2018-09-22T08:19:42.819538Z,-155
2018-09-22T08:19:42.869538Z,-115
2018-09-22T08:19:42.919538Z,-83
2018-09-22T08:19:42.969538Z,-69
2018-09-22T08:19:43.019538Z,-97
2018-09-22T08:19:43.069538Z,-113
2018-09-22T08:19:43.119538Z,-129
2018-09-22T08:19:43.169538Z,-80
2018-09-22T08:19:43.219538Z,-39
2018-09-22T08:19:43.269538Z,-39
2018-09-22T08:19:43.319538Z,-35
2018-09-22T08:19:43.369538Z,-52
2018-09-22T08:19:43.419538Z,-38
2018-09-22T08:19:43.469538Z,-54
2018-09-22T08:19:43.519538Z,-48
2018-09-22T08:19:43.569538Z,-45
2018-09-22T08:19:43.619538Z,-68
2018-09-22T08:19:43.669538Z,-23
2018-09-22T08:19:43.719538Z,25
2018-09-22T08:19:43.769538Z,32
2018-09-22T08:19:43.819538Z,-7
2018-09-22T08:19:43.869538Z,0
2018-09-22T08:19:43.919538Z,72
2018-09-22T08:19:43.969538Z,136
2018-09-22T08:19:44.019538Z,111
2018-09-22T08:19:44.069538Z,97
2018-09-22T08:19:44.119538Z,120
2018-09-22T08:19:44.169538Z,130
2018-09-22T08:19:44.219538Z,210
2018-09-22T08:19:44.269538Z,173
2018-09-22T08:19:44.319538Z,143
2018-09-22T08:19:44.369538Z,191
2018-09-22T08:19:44.419538Z,202
2018-09-22T08:19:44.469538Z,229
2018-09-22T08:19:44.519538Z,234
2018-09-22T08:19:44.569538Z,254
2018-09-22T08:19:44.619538Z,260
2018-09-22T08:19:44.669538Z,311
2018-09-22T08:19:44.719538Z,356
2018-09-22T08:19:44.769538Z,364
2018-09-22T08:19:44.819538Z,357
2018-09-22T08:19:44.869538Z,358
2018-09-22T08:19:44.919538Z,405
2018-09-22T08:19:44.969538Z,408
2018-09-22T08:19:45.019538Z,461
2018-09-22T08:19:45.069538Z,459
2018-09-22T08:19:45.119538Z,479
2018-09-22T08:19:45.169538Z,545
2018-09-22T08:19:45.219538Z,545
2018-09-22T08:19:45.269538Z,589
2018-09-22T08:19:45.319538Z,573
2018-09-22T08:19:45.369538Z,598
2018-09-22T08:19:45.419538Z,665
2018-09-22T08:19:45.469538Z,672
2018-09-22T08:19:45.519538Z,652
2018-09-22T08:19:45.569538Z,656
2018-09-22T08:19:45.619538Z,685
2018-09-22T08:19:45.669538Z,724
2018-09-22T08:19:45.719538Z,754
2018-09-22T08:19:45.769538Z,743
2018-09-22T08:19:45.819538Z,744
2018-09-22T08:19:45.869538Z,747
2018-09-22T08:19:45.919538Z,791
2018-09-22T08:19:45.969538Z,786
2018-09-22T08:19:46.019538Z,775
2018-09-22T08:19:46.069538Z,785
2018-09-22T08:19:46.119538Z,741
2018-09-22T08:19:46.169538Z,773
2018-09-22T08:19:46.219538Z,772
2018-09-22T08:19:46.269538Z,733
2018-09-22T08:19:46.319538Z,748
2018-09-22T08:19:46.369538Z,750
2018-09-22T08:19:46.419538Z,747
2018-09-22T08:19:46.469538Z,737
2018-09-22T08:19:46.519538Z,715
2018-09-22T08:19:46.569538Z,698
2018-09-22T08:19:46.619538Z,703
2018-09-22T08:19:46.669538Z,706
2018-09-22T08:19:46.719538Z,698
2018-09-22T08:19:46.769538Z,707
2018-09-22T08:19:46.819538Z,703
2018-09-22T08:19:46.869538Z,702
2018-09-22T08:19:46.919538Z,720
2018-09-22T08:19:46.969538Z,740
2018-09-22T08:19:47.019538Z,735
2018-09-22T08:19:47.069538Z,720
2018-09-22T08:19:47.119538Z,721
2018-09-22T08:19:47.169538Z,697
2018-09-22T08:19:47.219538Z,691
2018-09-22T08:19:47.269538Z,687
2018-09-22T08:19:47.319538Z,671
2018-09-22T08:19:47.369538Z,654
2018-09-22T08:19:47.419538Z,655
2018-09-22T08:19:47.469538Z,659
2018-09-22T08:19:47.519538Z,623
2018-09-22T08:19:47.569538Z,625
2018-09-22T08:19:47.619538Z,589
2018-09-22T08:19:47.669538Z,585
2018-09-22T08:19:47.719538Z,597
2018-09-22T08:19:47.769538Z,552
2018-09-22T08:19:47.819538Z,526
2018-09-22T08:19:47.869538Z,509
2018-09-22T08:19:47.919538Z,511
2018-09-22T08:19:47.969538Z,442
2018-09-22T08:19:48.019538Z,416
2018-09-22T08:19:48.069538Z,403
2018-09-22T08:19:48.119538Z,360
2018-09-22T08:19:48.169538Z,404
2018-09-22T08:19:48.219538Z,357
2018-09-22T08:19:48.269538Z,298
2018-09-22T08:19:48.319538Z,316
2018-09-22T08:19:48.369538Z,287
2018-09-22T08:19:48.419538Z,288
2018-09-22T08:19:48.469538Z,288
2018-09-22T08:19:48.519538Z,250
2018-09-22T08:19:48.569538Z,188
2018-09-22T08:19:48.619538Z,162
2018-09-22T08:19:48.669538Z,165
2018-09-22T08:19:48.719538Z,131
2018-09-22T08:19:48.769538Z,129
2018-09-22T08:19:48.819538Z,78
2018-09-22T08:19:48.869538Z,56
2018-09-22T08:19:48.919538Z,83
2018-09-22T08:19:48.969538Z,62
2018-09-22T08:19:49.019538Z,48
2018-09-22T08:19:49.069538Z,20
2018-09-22T08:19:49.119538Z,-4
2018-09-22T08:19:49.169538Z,-9
2018-09-22T08:19:49.219538Z,-27
2018-09-22T08:19:49.269538Z,-72
2018-09-22T08:19:49.319538Z,-104
2018-09-22T08:19:49.369538Z,-115
2018-09-22T08:19:49.419538Z,-111
2018-09-22T08:19:49.469538Z,-100
2018-09-22T08:19:49.519538Z,-115
2018-09-22T08:19:49.569538Z,-140
2018-09-22T08:19:49.619538Z,-182
2018-09-22T08:19:49.669538Z,-152
2018-09-22T08:19:49.719538Z,-126
2018-09-22T08:19:49.769538Z,-145
2018-09-22T08:19:49.819538Z,-133
2018-09-22T08:19:49.869538Z,-166
2018-09-22T08:19:49.919538Z,-160
2018-09-22T08:19:49.969538Z,-146
2018-09-22T08:19:50.019538Z,-179
2018-09-22T08:19:50.069538Z,-182
2018-09-22T08:19:50.119538Z,-152
2018-09-22T08:19:50.169538Z,-132
2018-09-22T08:19:50.219538Z,-182
2018-09-22T08:19:50.269538Z,-180
2018-09-22T08:19:50.319538Z,-141
2018-09-22T08:19:50.369538Z,-146
2018-09-22T08:19:50.419538Z,-128
2018-09-22T08:19:50.469538Z,-103
2018-09-22T08:19:50.519538Z,-82
2018-09-22T08:19:50.569538Z,-52
2018-09-22T08:19:50.619538Z,-56
2018-09-22T08:19:50.669538Z,-104
2018-09-22T08:19:50.719538Z,-22
2018-09-22T08:19:50.769538Z,27
2018-09-22T08:19:50.819538Z,-29
2018-09-22T08:19:50.869538Z,27
2018-09-22T08:19:50.919538Z,48
2018-09-22T08:19:50.969538Z,50
2018-09-22T08:19:51.019538Z,65
2018-09-22T08:19:51.069538Z,54
2018-09-22T08:19:51.119538Z,88
2018-09-22T08:19:51.169538Z,130
2018-09-22T08:19:51.219538Z,172
2018-09-22T08:19:51.269538Z,183
2018-09-22T08:19:51.319538Z,169
2018-09-22T08:19:51.369538Z,181
2018-09-22T08:19:51.419538Z,226
2018-09-22T08:19:51.469538Z,266
2018-09-22T08:19:51.519538Z,294
2018-09-22T08:19:51.569538Z,323
2018-09-22T08:19:51.619538Z,346
2018-09-22T08:19:51.669538Z,363
2018-09-22T08:19:51.719538Z,403
2018-09-22T08:19:51.769538Z,466
2018-09-22T08:19:51.819538Z,483
2018-09-22T08:19:51.869538Z,513
2018-09-22T08:19:51.919538Z,560
2018-09-22T08:19:51.969538Z,534
2018-09-22T08:19:52.019538Z,528
2018-09-22T08:19:52.069538Z,551
2018-09-22T08:19:52.119538Z,571
2018-09-22T08:19:52.169538Z,632
2018-09-22T08:19:52.219538Z,635
2018-09-22T08:19:52.269538Z,602
2018-09-22T08:19:52.319538Z,653
2018-09-22T08:19:52.369538Z,681
2018-09-22T08:19:52.419538Z,682
2018-09-22T08:19:52.469538Z,697
2018-09-22T08:19:52.519538Z,668
2018-09-22T08:19:52.569538Z,677
2018-09-22T08:19:52.619538Z,683
2018-09-22T08:19:52.669538Z,683
2018-09-22T08:19:52.719538Z,701
2018-09-22T08:19:52.769538Z,700
2018-09-22T08:19:52.819538Z,699
2018-09-22T08:19:52.869538Z,662
2018-09-22T08:19:52.919538Z,685
2018-09-22T08:19:52.969538Z,689
2018-09-22T08:19:53.019538Z,650
2018-09-22T08:19:53.069538Z,677
2018-09-22T08:19:53.119538Z,659
2018-09-22T08:19:53.169538Z,635
2018-09-22T08:19:53.219538Z,617
2018-09-22T08:19:53.269538Z,596
2018-09-22T08:19:53.319538Z,594
2018-09-22T08:19:53.369538Z,566
2018-09-22T08:19:53.419538Z,543
2018-09-22T08:19:53.469538Z,548
2018-09-22T08:19:53.519538Z,542
2018-09-22T08:19:53.569538Z,510
2018-09-22T08:19:53.619538Z,536
2018-09-22T08:19:53.669538Z,555
2018-09-22T08:19:53.719538Z,535
2018-09-22T08:19:53.769538Z,506
2018-09-22T08:19:53.819538Z,503
2018-09-22T08:19:53.869538Z,502
2018-09-22T08:19:53.919538Z,472
2018-09-22T08:19:53.969538Z,491
2018-09-22T08:19:54.019538Z,461
2018-09-22T08:19:54.069538Z,426
2018-09-22T08:19:54.119538Z,443
2018-09-22T08:19:54.169538Z,450
2018-09-22T08:19:54.219538Z,432
2018-09-22T08:19:54.269538Z,417
2018-09-22T08:19:54.319538Z,368
2018-09-22T08:19:54.369538Z,329
2018-09-22T08:19:54.419538Z,356
2018-09-22T08:19:54.469538Z,336
2018-09-22T08:19:54.519538Z,349
2018-09-22T08:19:54.569538Z,352
2018-09-22T08:19:54.619538Z,308
2018-09-22T08:19:54.669538Z,307
2018-09-22T08:19:54.719538Z,309
2018-09-22T08:19:54.769538Z,282
2018-09-22T08:19:54.819538Z,238
2018-09-22T08:19:54.869538Z,269
2018-09-22T08:19:54.919538Z,247
2018-09-22T08:19:54.969538Z,233
2018-09-22T08:19:55.019538Z,261
2018-09-22T08:19:55.069538Z,227
2018-09-22T08:19:55.119538Z,231
2018-09-22T08:19:55.169538Z,246
2018-09-22T08:19:55.219538Z,236
2018-09-22T08:19:55.269538Z,205
2018-09-22T08:19:55.319538Z,224
2018-09-22T08:19:55.369538Z,211
2018-09-22T08:19:55.419538Z,213
2018-09-22T08:19:55.469538Z,279
2018-09-22T08:19:55.519538Z,261
2018-09-22T08:19:55.569538Z,215
2018-09-22T08:19:55.619538Z,233
2018-09-22T08:19:55.669538Z,259
2018-09-22T08:19:55.719538Z,282
2018-09-22T08:19:55.769538Z,283
2018-09-22T08:19:55.819538Z,226
2018-09-22T08:19:55.869538Z,247
2018-09-22T08:19:55.919538Z,252
2018-09-22T08:19:55.969538Z,246
2018-09-22T08:19:56.019538Z,211
2018-09-22T08:19:56.069538Z,196
2018-09-22T08:19:56.119538Z,225
2018-09-22T08:19:56.169538Z,188
2018-09-22T08:19:56.219538Z,225
2018-09-22T08:19:56.269538Z,200
2018-09-22T08:19:56.319538Z,174
2018-09-22T08:19:56.369538Z,205
2018-09-22T08:19:56.419538Z,164
2018-09-22T08:19:56.469538Z,172
2018-09-22T08:19:56.519538Z,177
2018-09-22T08:19:56.569538Z,138
2018-09-22T08:19:56.619538Z,164
2018-09-22T08:19:56.669538Z,177
2018-09-22T08:19:56.719538Z,155
2018-09-22T08:19:56.769538Z,149
2018-09-22T08:19:56.819538Z,152
2018-09-22T08:19:56.869538Z,166
2018-09-22T08:19:56.919538Z,184
2018-09-22T08:19:56.969538Z,216
2018-09-22T08:19:57.019538Z,181
2018-09-22T08:19:57.069538Z,161
2018-09-22T08:19:57.119538Z,181
2018-09-22T08:19:57.169538Z,173
2018-09-22T08:19:57.219538Z,184
2018-09-22T08:19:57.269538Z,187
2018-09-22T08:19:57.319538Z,183
2018-09-22T08:19:57.369538Z,161
2018-09-22T08:19:57.419538Z,180
2018-09-22T08:19:57.469538Z,217
2018-09-22T08:19:57.519538Z,235
2018-09-22T08:19:57.569538Z,264
2018-09-22T08:19:57.619538Z,265
2018-09-22T08:19:57.669538Z,287
2018-09-22T08:19:57.719538Z,285
2018-09-22T08:19:57.769538Z,292
2018-09-22T08:19:57.819538Z,346
2018-09-22T08:19:57.869538Z,379
2018-09-22T08:19:57.919538Z,358
2018-09-22T08:19:57.969538Z,384
2018-09-22T08:19:58.019538Z,419
2018-09-22T08:19:58.069538Z,384
2018-09-22T08:19:58.119538Z,397
2018-09-22T08:19:58.169538Z,425
2018-09-22T08:19:58.219538Z,434
2018-09-22T08:19:58.269538Z,428
2018-09-22T08:19:58.319538Z,432
2018-09-22T08:19:58.369538Z,407
2018-09-22T08:19:58.419538Z,433
2018-09-22T08:19:58.469538Z,472
2018-09-22T08:19:58.519538Z,410
2018-09-22T08:19:58.569538Z,406
2018-09-22T08:19:58.619538Z,397
2018-09-22T08:19:58.669538Z,362
2018-09-22T08:19:58.719538Z,366
2018-09-22T08:19:58.769538Z,349
2018-09-22T08:19:58.819538Z,298
2018-09-22T08:19:58.869538Z,294
2018-09-22T08:19:58.919538Z,314
2018-09-22T08:19:58.969538Z,264
2018-09-22T08:19:59.019538Z,260
2018-09-22T08:19:59.069538Z,279
2018-09-22T08:19:59.119538Z,272
2018-09-22T08:19:59.169538Z,282
2018-09-22T08:19:59.219538Z,287
2018-09-22T08:19:59.269538Z,296
2018-09-22T08:19:59.319538Z,274
2018-09-22T08:19:59.369538Z,276
2018-09-22T08:19:59.419538Z,274
2018-09-22T08:19:59.469538Z,287
2018-09-22T08:19:59.519538Z,308
2018-09-22T08:19:59.569538Z,314
2018-09-22T08:19:59.619538Z,338
2018-09-22T08:19:59.669538Z,337
2018-09-22T08:19:59.719538Z,363
2018-09-22T08:19:59.769538Z,336
2018-09-22T08:19:59.819538Z,350
2018-09-22T08:19:59.869538Z,393
2018-09-22T08:19:59.919538Z,368
2018-09-22T08:19:59.969538Z,369
2018-09-22T08:20:00.019538Z,356
2018-09-22T08:20:00.069538Z,385
2018-09-22T08:20:00.119538Z,388
2018-09-22T08:20:00.169538Z,369
2018-09-22T08:20:00.219538Z,411
2018-09-22T08:20:00.269538Z,439
2018-09-22T08:20:00.319538Z,408
2018-09-22T08:20:00.369538Z,345
2018-09-22T08:20:00.419538Z,371
2018-09-22T08:20:00.469538Z,360
2018-09-22T08:20:00.519538Z,348
2018-09-22T08:20:00.569538Z,403
2018-09-22T08:20:00.619538Z,348
2018-09-22T08:20:00.669538Z,336
2018-09-22T08:20:00.719538Z,368
2018-09-22T08:20:00.769538Z,346
2018-09-22T08:20:00.819538Z,361
2018-09-22T08:20:00.869538Z,355
2018-09-22T08:20:00.919538Z,319
2018-09-22T08:20:00.969538Z,323
2018-09-22T08:20:01.019538Z,316
2018-09-22T08:20:01.069538Z,296
2018-09-22T08:20:01.119538Z,293
2018-09-22T08:20:01.169538Z,311
2018-09-22T08:20:01.219538Z,288
2018-09-22T08:20:01.269538Z,259
2018-09-22T08:20:01.319538Z,293
2018-09-22T08:20:01.369538Z,274
2018-09-22T08:20:01.419538Z,254
2018-09-22T08:20:01.469538Z,242
2018-09-22T08:20:01.519538Z,198
2018-09-22T08:20:01.569538Z,173
2018-09-22T08:20:01.619538Z,185
2018-09-22T08:20:01.669538Z,191
2018-09-22T08:20:01.719538Z,179
2018-09-22T08:20:01.769538Z,158
2018-09-22T08:20:01.819538Z,123
2018-09-22T08:20:01.869538Z,113
2018-09-22T08:20:01.919538Z,103
2018-09-22T08:20:01.969538Z,104
2018-09-22T08:20:02.019538Z,101
2018-09-22T08:20:02.069538Z,77
2018-09-22T08:20:02.119538Z,60
2018-09-22T08:20:02.169538Z,52
2018-09-22T08:20:02.219538Z,46
2018-09-22T08:20:02.269538Z,66
2018-09-22T08:20:02.319538Z,97
2018-09-22T08:20:02.369538Z,89
2018-09-22T08:20:02.419538Z,78
2018-09-22T08:20:02.469538Z,71
2018-09-22T08:20:02.519538Z,66
2018-09-22T08:20:02.569538Z,77
2018-09-22T08:20:02.619538Z,116
2018-09-22T08:20:02.669538Z,128
2018-09-22T08:20:02.719538Z,114
2018-09-22T08:20:02.769538Z,123
2018-09-22T08:20:02.819538Z,124
2018-09-22T08:20:02.869538Z,158
2018-09-22T08:20:02.919538Z,193
2018-09-22T08:20:02.969538Z,208
2018-09-22T08:20:03.019538Z,208
2018-09-22T08:20:03.069538Z,181
2018-09-22T08:20:03.119538Z,197
2018-09-22T08:20:03.169538Z,222
2018-09-22T08:20:03.219538Z,223
2018-09-22T08:20:03.269538Z,237
2018-09-22T08:20:03.319538Z,249
2018-09-22T08:20:03.369538Z,241
2018-09-22T08:20:03.419538Z,249
2018-09-22T08:20:03.469538Z,299
2018-09-22T08:20:03.519538Z,336
2018-09-22T08:20:03.569538Z,340
2018-09-22T08:20:03.619538Z,334
2018-09-22T08:20:03.669538Z,351
2018-09-22T08:20:03.719538Z,363
2018-09-22T08:20:03.769538Z,373
2018-09-22T08:20:03.819538Z,392
2018-09-22T08:20:03.869538Z,414
2018-09-22T08:20:03.919538Z,439
2018-09-22T08:20:03.969538Z,414
2018-09-22T08:20:04.019538Z,395
2018-09-22T08:20:04.069538Z,432
2018-09-22T08:20:04.119538Z,493
2018-09-22T08:20:04.169538Z,503
2018-09-22T08:20:04.219538Z,520
2018-09-22T08:20:04.269538Z,549
2018-09-22T08:20:04.319538Z,532
2018-09-22T08:20:04.369538Z,552
2018-09-22T08:20:04.419538Z,547
2018-09-22T08:20:04.469538Z,540
2018-09-22T08:20:04.519538Z,558
2018-09-22T08:20:04.569538Z,526
2018-09-22T08:20:04.619538Z,508
2018-09-22T08:20:04.669538Z,511
2018-09-22T08:20:04.719538Z,516
2018-09-22T08:20:04.769538Z,522
2018-09-22T08:20:04.819538Z,526
2018-09-22T08:20:04.869538Z,523
2018-09-22T08:20:04.919538Z,511
2018-09-22T08:20:04.969538Z,511
2018-09-22T08:20:05.019538Z,492
2018-09-22T08:20:05.069538Z,470
2018-09-22T08:20:05.119538Z,448
2018-09-22T08:20:05.169538Z,410
2018-09-22T08:20:05.219538Z,425
2018-09-22T08:20:05.269538Z,415
2018-09-22T08:20:05.319538Z,404
2018-09-22T08:20:05.369538Z,423
2018-09-22T08:20:05.419538Z,370
2018-09-22T08:20:05.469538Z,400
2018-09-22T08:20:05.519538Z,408
2018-09-22T08:20:05.569538Z,362
2018-09-22T08:20:05.619538Z,336
2018-09-22T08:20:05.669538Z,284
2018-09-22T08:20:05.719538Z,319
2018-09-22T08:20:05.769538Z,306
2018-09-22T08:20:05.819538Z,296
2018-09-22T08:20:05.869538Z,289
2018-09-22T08:20:05.919538Z,242
2018-09-22T08:20:05.969538Z,296
2018-09-22T08:20:06.019538Z,310
2018-09-22T08:20:06.069538Z,278
2018-09-22T08:20:06.119538Z,241
2018-09-22T08:20:06.169538Z,248
2018-09-22T08:20:06.219538Z,289
2018-09-22T08:20:06.269538Z,255
2018-09-22T08:20:06.319538Z,253
2018-09-22T08:20:06.369538Z,246
2018-09-22T08:20:06.419538Z,242
2018-09-22T08:20:06.469538Z,252
2018-09-22T08:20:06.519538Z,210
2018-09-22T08:20:06.569538Z,194
2018-09-22T08:20:06.619538Z,207
2018-09-22T08:20:06.669538Z,210
2018-09-22T08:20:06.719538Z,187
2018-09-22T08:20:06.769538Z,141
2018-09-22T08:20:06.819538Z,83
2018-09-22T08:20:06.869538Z,94
2018-09-22T08:20:06.919538Z,99
2018-09-22T08:20:06.969538Z,62
2018-09-22T08:20:07.019538Z,64
2018-09-22T08:20:07.069538Z,40
2018-09-22T08:20:07.119538Z,37
2018-09-22T08:20:07.169538Z,67
2018-09-22T08:20:07.219538Z,72
2018-09-22T08:20:07.269538Z,37
2018-09-22T08:20:07.319538Z,49
2018-09-22T08:20:07.369538Z,103
2018-09-22T08:20:07.419538Z,73
2018-09-22T08:20:07.469538Z,66
2018-09-22T08:20:07.519538Z,114
2018-09-22T08:20:07.569538Z,100
2018-09-22T08:20:07.619538Z,103
2018-09-22T08:20:07.669538Z,151
2018-09-22T08:20:07.719538Z,97
2018-09-22T08:20:07.769538Z,87
2018-09-22T08:20:07.819538Z,130
2018-09-22T08:20:07.869538Z,125
2018-09-22T08:20:07.919538Z,151
2018-09-22T08:20:07.969538Z,136
2018-09-22T08:20:08.019538Z,86
2018-09-22T08:20:08.069538Z,108
2018-09-22T08:20:08.119538Z,145
2018-09-22T08:20:08.169538Z,122
2018-09-22T08:20:08.219538Z,174
2018-09-22T08:20:08.269538Z,148
2018-09-22T08:20:08.319538Z,101
2018-09-22T08:20:08.369538Z,172
2018-09-22T08:20:08.419538Z,180
2018-09-22T08:20:08.469538Z,182
2018-09-22T08:20:08.519538Z,172
2018-09-22T08:20:08.569538Z,200
2018-09-22T08:20:08.619538Z,241
2018-09-22T08:20:08.669538Z,269
2018-09-22T08:20:08.719538Z,286
2018-09-22T08:20:08.769538Z,254
2018-09-22T08:20:08.819538Z,281
2018-09-22T08:20:08.869538Z,311
2018-09-22T08:20:08.919538Z,336
2018-09-22T08:20:08.969538Z,360
2018-09-22T08:20:09.019538Z,344
2018-09-22T08:20:09.069538Z,323
2018-09-22T08:20:09.119538Z,366
2018-09-22T08:20:09.169538Z,418
2018-09-22T08:20:09.219538Z,407
2018-09-22T08:20:09.269538Z,412
2018-09-22T08:20:09.319538Z,386
2018-09-22T08:20:09.369538Z,427
2018-09-22T08:20:09.419538Z,491
2018-09-22T08:20:09.469538Z,476
2018-09-22T08:20:09.519538Z,516
2018-09-22T08:20:09.569538Z,504
2018-09-22T08:20:09.619538Z,481
2018-09-22T08:20:09.669538Z,515
2018-09-22T08:20:09.719538Z,537
2018-09-22T08:20:09.769538Z,548
2018-09-22T08:20:09.819538Z,523
2018-09-22T08:20:09.869538Z,536
2018-09-22T08:20:09.919538Z,605
2018-09-22T08:20:09.969538Z,611
2018-09-22T08:20:10.019538Z,604
2018-09-22T08:20:10.069538Z,587
2018-09-22T08:20:10.119538Z,608
2018-09-22T08:20:10.169538Z,659
2018-09-22T08:20:10.219538Z,618
2018-09-22T08:20:10.269538Z,625
2018-09-22T08:20:10.319538Z,593
2018-09-22T08:20:10.369538Z,575
2018-09-22T08:20:10.419538Z,619
2018-09-22T08:20:10.469538Z,593
2018-09-22T08:20:10.519538Z,570
2018-09-22T08:20:10.569538Z,572
2018-09-22T08:20:10.619538Z,566
2018-09-22T08:20:10.669538Z,552
2018-09-22T08:20:10.719538Z,548
2018-09-22T08:20:10.769538Z,528
2018-09-22T08:20:10.819538Z,517
2018-09-22T08:20:10.869538Z,483
2018-09-22T08:20:10.919538Z,487
2018-09-22T08:20:10.969538Z,485
2018-09-22T08:20:11.019538Z,433
2018-09-22T08:20:11.069538Z,416
2018-09-22T08:20:11.119538Z,357
2018-09-22T08:20:11.169538Z,337
2018-09-22T08:20:11.219538Z,320
2018-09-22T08:20:11.269538Z,261
2018-09-22T08:20:11.319538Z,244
2018-09-22T08:20:11.369538Z,180
2018-09-22T08:20:11.419538Z,181
2018-09-22T08:20:11.469538Z,190
2018-09-22T08:20:11.519538Z,110
2018-09-22T08:20:11.569538Z,85
2018-09-22T08:20:11.619538Z,73
2018-09-22T08:20:11.669538Z,93
2018-09-22T08:20:11.719538Z,79
2018-09-22T08:20:11.769538Z,30
2018-09-22T08:20:11.819538Z,16
2018-09-22T08:20:11.869538Z,9
2018-09-22T08:20:11.919538Z,50
2018-09-22T08:20:11.969538Z,36
2018-09-22T08:20:12.019538Z,-11
2018-09-22T08:20:12.069538Z,-20
2018-09-22T08:20:12.119538Z,-21
2018-09-22T08:20:12.169538Z,21
2018-09-22T08:20:12.219538Z,14
2018-09-22T08:20:12.269538Z,-43
2018-09-22T08:20:12.319538Z,-41
2018-09-22T08:20:12.369538Z,-14
2018-09-22T08:20:12.419538Z,14
2018-09-22T08:20:12.469538Z,46
2018-09-22T08:20:12.519538Z,15
2018-09-22T08:20:12.569538Z,-49
2018-09-22T08:20:12.619538Z,-27
2018-09-22T08:20:12.669538Z,10
2018-09-22T08:20:12.719538Z,31
2018-09-22T08:20:12.769538Z,109
2018-09-22T08:20:12.819538Z,120
2018-09-22T08:20:12.869538Z,72
2018-09-22T08:20:12.919538Z,106
2018-09-22T08:20:12.969538Z,164
2018-09-22T08:20:13.019538Z,180
2018-09-22T08:20:13.069538Z,207
2018-09-22T08:20:13.119538Z,225
2018-09-22T08:20:13.169538Z,209
2018-09-22T08:20:13.219538Z,261
2018-09-22T08:20:13.269538Z,342
2018-09-22T08:20:13.319538Z,373
2018-09-22T08:20:13.369538Z,402
2018-09-22T08:20:13.419538Z,409
2018-09-22T08:20:13.469538Z,423
2018-09-22T08:20:13.519538Z,473
2018-09-22T08:20:13.569538Z,473
2018-09-22T08:20:13.619538Z,469
2018-09-22T08:20:13.669538Z,496
2018-09-22T08:20:13.719538Z,491
2018-09-22T08:20:13.769538Z,510
2018-09-22T08:20:13.819538Z,526
2018-09-22T08:20:13.869538Z,493
2018-09-22T08:20:13.919538Z,488
2018-09-22T08:20:13.969538Z,520
2018-09-22T08:20:14.019538Z,532
2018-09-22T08:20:14.069538Z,518
2018-09-22T08:20:14.119538Z,494
2018-09-22T08:20:14.169538Z,507
2018-09-22T08:20:14.219538Z,537
2018-09-22T08:20:14.269538Z,557
2018-09-22T08:20:14.319538Z,590
2018-09-22T08:20:14.369538Z,568
2018-09-22T08:20:14.419538Z,547
2018-09-22T08:20:14.469538Z,585
2018-09-22T08:20:14.519538Z,594
2018-09-22T08:20:14.569538Z,597
2018-09-22T08:20:14.619538Z,590
2018-09-22T08:20:14.669538Z,579
2018-09-22T08:20:14.719538Z,584
2018-09-22T08:20:14.769538Z,584
2018-09-22T08:20:14.819538Z,557
2018-09-22T08:20:14.869538Z,519
2018-09-22T08:20:14.919538Z,528
2018-09-22T08:20:14.969538Z,520
2018-09-22T08:20:15.019538Z,533
2018-09-22T08:20:15.069538Z,478
2018-09-22T08:20:15.119538Z,360
2018-09-22T08:20:15.169538Z,388
2018-09-22T08:20:15.219538Z,379
2018-09-22T08:20:15.269538Z,361
2018-09-22T08:20:15.319538Z,337
2018-09-22T08:20:15.369538Z,266
2018-09-22T08:20:15.419538Z,290
2018-09-22T08:20:15.469538Z,281
2018-09-22T08:20:15.519538Z,257
2018-09-22T08:20:15.569538Z,219
2018-09-22T08:20:15.619538Z,189
2018-09-22T08:20:15.669538Z,200
2018-09-22T08:20:15.719538Z,206
2018-09-22T08:20:15.769538Z,203
2018-09-22T08:20:15.819538Z,107
2018-09-22T08:20:15.869538Z,62
2018-09-22T08:20:15.919538Z,87
2018-09-22T08:20:15.969538Z,82
2018-09-22T08:20:16.019538Z,118
2018-09-22T08:20:16.069538Z,111
2018-09-22T08:20:16.119538Z,67
2018-09-22T08:20:16.169538Z,87
2018-09-22T08:20:16.219538Z,95
2018-09-22T08:20:16.269538Z,108
2018-09-22T08:20:16.319538Z,119
2018-09-22T08:20:16.369538Z,85
2018-09-22T08:20:16.419538Z,69
2018-09-22T08:20:16.469538Z,88
2018-09-22T08:20:16.519538Z,105
2018-09-22T08:20:16.569538Z,121
2018-09-22T08:20:16.619538Z,137
2018-09-22T08:20:16.669538Z,131
2018-09-22T08:20:16.719538Z,175
2018-09-22T08:20:16.769538Z,225
2018-09-22T08:20:16.819538Z,273
2018-09-22T08:20:16.869538Z,297
2018-09-22T08:20:16.919538Z,287
2018-09-22T08:20:16.969538Z,327
2018-09-22T08:20:17.019538Z,362
2018-09-22T08:20:17.069538Z,379
2018-09-22T08:20:17.119538Z,358
2018-09-22T08:20:17.169538Z,367
2018-09-22T08:20:17.219538Z,411
2018-09-22T08:20:17.269538Z,427
2018-09-22T08:20:17.319538Z,441
2018-09-22T08:20:17.369538Z,427
2018-09-22T08:20:17.419538Z,455
2018-09-22T08:20:17.469538Z,480
2018-09-22T08:20:17.519538Z,453
2018-09-22T08:20:17.569538Z,433
2018-09-22T08:20:17.619538Z,425
2018-09-22T08:20:17.669538Z,410
2018-09-22T08:20:17.719538Z,403
2018-09-22T08:20:17.769538Z,421
2018-09-22T08:20:17.819538Z,391
2018-09-22T08:20:17.869538Z,394
2018-09-22T08:20:17.919538Z,397
2018-09-22T08:20:17.969538Z,347
2018-09-22T08:20:18.019538Z,395
2018-09-22T08:20:18.069538Z,370
2018-09-22T08:20:18.119538Z,320
2018-09-22T08:20:18.169538Z,327
2018-09-22T08:20:18.219538Z,272
2018-09-22T08:20:18.269538Z,266
2018-09-22T08:20:18.319538Z,253
2018-09-22T08:20:18.369538Z,204
2018-09-22T08:20:18.419538Z,171
2018-09-22T08:20:18.469538Z,128
2018-09-22T08:20:18.519538Z,92
2018-09-22T08:20:18.569538Z,73
2018-09-22T08:20:18.619538Z,31
2018-09-22T08:20:18.669538Z,-23
2018-09-22T08:20:18.719538Z,-45
2018-09-22T08:20:18.769538Z,-59
2018-09-22T08:20:18.819538Z,-91
2018-09-22T08:20:18.869538Z,-117
2018-09-22T08:20:18.919538Z,-133
2018-09-22T08:20:18.969538Z,-180
2018-09-22T08:20:19.019538Z,-220
2018-09-22T08:20:19.069538Z,-212
2018-09-22T08:20:19.119538Z,-223
2018-09-22T08:20:19.169538Z,-255
2018-09-22T08:20:19.219538Z,-261
2018-09-22T08:20:19.269538Z,-261
2018-09-22T08:20:19.319538Z,-257
2018-09-22T08:20:19.369538Z,-257
2018-09-22T08:20:19.419538Z,-274
2018-09-22T08:20:19.469538Z,-239
2018-09-22T08:20:19.519538Z,-220
2018-09-22T08:20:19.569538Z,-258
2018-09-22T08:20:19.619538Z,-267
2018-09-22T08:20:19.669538Z,-279
2018-09-22T08:20:19.719538Z,-271
2018-09-22T08:20:19.769538Z,-253
2018-09-22T08:20:19.819538Z,-250
2018-09-22T08:20:19.869538Z,-261
2018-09-22T08:20:19.919538Z,-297
2018-09-22T08:20:19.969538Z,-280
2018-09-22T08:20:20.019538Z,-232
2018-09-22T08:20:20.069538Z,-202
2018-09-22T08:20:20.119538Z,-186
2018-09-22T08:20:20.169538Z,-167
2018-09-22T08:20:20.219538Z,-130
2018-09-22T08:20:20.269538Z,-97
2018-09-22T08:20:20.319538Z,-81
2018-09-22T08:20:20.369538Z,-58
2018-09-22T08:20:20.419538Z,5
2018-09-22T08:20:20.469538Z,28
2018-09-22T08:20:20.519538Z,68
2018-09-22T08:20:20.569538Z,157
2018-09-22T08:20:20.619538Z,134
2018-09-22T08:20:20.669538Z,154
2018-09-22T08:20:20.719538Z,236
2018-09-22T08:20:20.769538Z,253
2018-09-22T08:20:20.819538Z,330
2018-09-22T08:20:20.869538Z,385
2018-09-22T08:20:20.919538Z,383
2018-09-22T08:20:20.969538Z,432
2018-09-22T08:20:21.019538Z,508
2018-09-22T08:20:21.069538Z,547
2018-09-22T08:20:21.119538Z,574
2018-09-22T08:20:21.169538Z,610
2018-09-22T08:20:21.219538Z,621
2018-09-22T08:20:21.269538Z,689
2018-09-22T08:20:21.319538Z,737
2018-09-22T08:20:21.369538Z,710
2018-09-22T08:20:21.419538Z,757
2018-09-22T08:20:21.469538Z,776
2018-09-22T08:20:21.519538Z,742
2018-09-22T08:20:21.569538Z,765
2018-09-22T08:20:21.619538Z,795
2018-09-22T08:20:21.669538Z,813
2018-09-22T08:20:21.719538Z,809
2018-09-22T08:20:21.769538Z,798
2018-09-22T08:20:21.819538Z,784
2018-09-22T08:20:21.869538Z,799
2018-09-22T08:20:21.919538Z,823
2018-09-22T08:20:21.969538Z,764
2018-09-22T08:20:22.019538Z,737
2018-09-22T08:20:22.069538Z,747
2018-09-22T08:20:22.119538Z,724
2018-09-22T08:20:22.169538Z,764
2018-09-22T08:20:22.219538Z,771
2018-09-22T08:20:22.269538Z,720
2018-09-22T08:20:22.319538Z,759
2018-09-22T08:20:22.369538Z,740
2018-09-22T08:20:22.419538Z,723
2018-09-22T08:20:22.469538Z,780
2018-09-22T08:20:22.519538Z,735
2018-09-22T08:20:22.569538Z,687
2018-09-22T08:20:22.619538Z,676
2018-09-22T08:20:22.669538Z,683
2018-09-22T08:20:22.719538Z,686
2018-09-22T08:20:22.769538Z,682
2018-09-22T08:20:22.819538Z,687
2018-09-22T08:20:22.869538Z,604
2018-09-22T08:20:22.919538Z,586
2018-09-22T08:20:22.969538Z,623
2018-09-22T08:20:23.019538Z,545
2018-09-22T08:20:23.069538Z,591
2018-09-22T08:20:23.119538Z,587
2018-09-22T08:20:23.169538Z,446
2018-09-22T08:20:23.219538Z,525
2018-09-22T08:20:23.269538Z,544
2018-09-22T08:20:23.319538Z,441
2018-09-22T08:20:23.369538Z,454
2018-09-22T08:20:23.419538Z,438
2018-09-22T08:20:23.469538Z,403
2018-09-22T08:20:23.519538Z,401
2018-09-22T08:20:23.569538Z,395
2018-09-22T08:20:23.619538Z,397
2018-09-22T08:20:23.669538Z,362
2018-09-22T08:20:23.719538Z,361
2018-09-22T08:20:23.769538Z,373
2018-09-22T08:20:23.819538Z,351
2018-09-22T08:20:23.869538Z,363
2018-09-22T08:20:23.919538Z,373
2018-09-22T08:20:23.969538Z,343
2018-09-22T08:20:24.019538Z,340
2018-09-22T08:20:24.069538Z,386
2018-09-22T08:20:24.119538Z,388
2018-09-22T08:20:24.169538Z,367
2018-09-22T08:20:24.219538Z,370
2018-09-22T08:20:24.269538Z,316
2018-09-22T08:20:24.319538Z,276
2018-09-22T08:20:24.369538Z,337
2018-09-22T08:20:24.419538Z,286
2018-09-22T08:20:24.469538Z,245
2018-09-22T08:20:24.519538Z,318
2018-09-22T08:20:24.569538Z,245
2018-09-22T08:20:24.619538Z,195
2018-09-22T08:20:24.669538Z,215
2018-09-22T08:20:24.719538Z,195
2018-09-22T08:20:24.769538Z,176
2018-09-22T08:20:24.819538Z,154
2018-09-22T08:20:24.869538Z,144
2018-09-22T08:20:24.919538Z,96
2018-09-22T08:20:24.969538Z,86
2018-09-22T08:20:25.019538Z,71
2018-09-22T08:20:25.069538Z,13
2018-09-22T08:20:25.119538Z,2
2018-09-22T08:20:25.169538Z,0
2018-09-22T08:20:25.219538Z,28
2018-09-22T08:20:25.269538Z,-18
2018-09-22T08:20:25.319538Z,-67
2018-09-22T08:20:25.369538Z,-63
2018-09-22T08:20:25.419538Z,-113
2018-09-22T08:20:25.469538Z,-80
2018-09-22T08:20:25.519538Z,-85
2018-09-22T08:20:25.569538Z,-165
2018-09-22T08:20:25.619538Z,-158
2018-09-22T08:20:25.669538Z,-172
2018-09-22T08:20:25.719538Z,-164
2018-09-22T08:20:25.769538Z,-185
2018-09-22T08:20:25.819538Z,-235
2018-09-22T08:20:25.869538Z,-185
2018-09-22T08:20:25.919538Z,-234
2018-09-22T08:20:25.969538Z,-248
2018-09-22T08:20:26.019538Z,-192
2018-09-22T08:20:26.069538Z,-236
2018-09-22T08:20:26.119538Z,-248
2018-09-22T08:20:26.169538Z,-247
2018-09-22T08:20:26.219538Z,-252
2018-09-22T08:20:26.269538Z,-218
2018-09-22T08:20:26.319538Z,-212
2018-09-22T08:20:26.369538Z,-242
2018-09-22T08:20:26.419538Z,-167
2018-09-22T08:20:26.469538Z,-165
2018-09-22T08:20:26.519538Z,-186
2018-09-22T08:20:26.569538Z,-68
2018-09-22T08:20:26.619538Z,-100
2018-09-22T08:20:26.669538Z,-147
2018-09-22T08:20:26.719538Z,-78
2018-09-22T08:20:26.769538Z,-64
2018-09-22T08:20:26.819538Z,-29
2018-09-22T08:20:26.869538Z,51
2018-09-22T08:20:26.919538Z,50
2018-09-22T08:20:26.969538Z,43
2018-09-22T08:20:27.019538Z,107
2018-09-22T08:20:27.069538Z,99
2018-09-22T08:20:27.119538Z,86
2018-09-22T08:20:27.169538Z,155
2018-09-22T08:20:27.219538Z,137
2018-09-22T08:20:27.269538Z,166
2018-09-22T08:20:27.319538Z,279
2018-09-22T08:20:27.369538Z,288
2018-09-22T08:20:27.419538Z,322
2018-09-22T08:20:27.469538Z,362
2018-09-22T08:20:27.519538Z,359
2018-09-22T08:20:27.569538Z,386
2018-09-22T08:20:27.619538Z,443
2018-09-22T08:20:27.669538Z,472
2018-09-22T08:20:27.719538Z,461
2018-09-22T08:20:27.769538Z,464
2018-09-22T08:20:27.819538Z,487
2018-09-22T08:20:27.869538Z,535
2018-09-22T08:20:27.919538Z,546
2018-09-22T08:20:27.969538Z,512
2018-09-22T08:20:28.019538Z,523
2018-09-22T08:20:28.069538Z,567
2018-09-22T08:20:28.119538Z,532
2018-09-22T08:20:28.169538Z,559
2018-09-22T08:20:28.219538Z,616
2018-09-22T08:20:28.269538Z,581
2018-09-22T08:20:28.319538Z,601
2018-09-22T08:20:28.369538Z,592
2018-09-22T08:20:28.419538Z,633
2018-09-22T08:20:28.469538Z,681
2018-09-22T08:20:28.519538Z,651
2018-09-22T08:20:28.569538Z,708
2018-09-22T08:20:28.619538Z,695
2018-09-22T08:20:28.669538Z,699
2018-09-22T08:20:28.719538Z,764
2018-09-22T08:20:28.769538Z,720
2018-09-22T08:20:28.819538Z,747
2018-09-22T08:20:28.869538Z,751
2018-09-22T08:20:28.919538Z,703
2018-09-22T08:20:28.969538Z,766
2018-09-22T08:20:29.019538Z,745
2018-09-22T08:20:29.069538Z,701
2018-09-22T08:20:29.119538Z,710
2018-09-22T08:20:29.169538Z,673
2018-09-22T08:20:29.219538Z,663
2018-09-22T08:20:29.269538Z,637
2018-09-22T08:20:29.319538Z,610
2018-09-22T08:20:29.369538Z,585
2018-09-22T08:20:29.419538Z,559
2018-09-22T08:20:29.469538Z,531
2018-09-22T08:20:29.519538Z,495
2018-09-22T08:20:29.569538Z,471
2018-09-22T08:20:29.619538Z,406
2018-09-22T08:20:29.669538Z,391
2018-09-22T08:20:29.719538Z,375
2018-09-22T08:20:29.769538Z,313
2018-09-22T08:20:29.819538Z,341
2018-09-22T08:20:29.869538Z,341
2018-09-22T08:20:29.919538Z,278
2018-09-22T08:20:29.969538Z,263
2018-09-22T08:20:30.019538Z,270
2018-09-22T08:20:30.069538Z,258
2018-09-22T08:20:30.119538Z,278
2018-09-22T08:20:30.169538Z,272
2018-09-22T08:20:30.219538Z,198
2018-09-22T08:20:30.269538Z,213
2018-09-22T08:20:30.319538Z,197
2018-09-22T08:20:30.369538Z,227
2018-09-22T08:20:30.419538Z,300
2018-09-22T08:20:30.469538Z,208
2018-09-22T08:20:30.519538Z,214
2018-09-22T08:20:30.569538Z,226
2018-09-22T08:20:30.619538Z,228
2018-09-22T08:20:30.669538Z,280
2018-09-22T08:20:30.719538Z,227
2018-09-22T08:20:30.769538Z,210
2018-09-22T08:20:30.819538Z,214
2018-09-22T08:20:30.869538Z,265
2018-09-22T08:20:30.919538Z,252
2018-09-22T08:20:30.969538Z,225
2018-09-22T08:20:31.019538Z,275
2018-09-22T08:20:31.069538Z,214
2018-09-22T08:20:31.119538Z,239
2018-09-22T08:20:31.169538Z,256
2018-09-22T08:20:31.219538Z,235
2018-09-22T08:20:31.269538Z,278
2018-09-22T08:20:31.319538Z,265
2018-09-22T08:20:31.369538Z,268
2018-09-22T08:20:31.419538Z,211
2018-09-22T08:20:31.469538Z,218
2018-09-22T08:20:31.519538Z,291
2018-09-22T08:20:31.569538Z,265
2018-09-22T08:20:31.619538Z,291
2018-09-22T08:20:31.669538Z,286
2018-09-22T08:20:31.719538Z,296
2018-09-22T08:20:31.769538Z,349
2018-09-22T08:20:31.819538Z,341
2018-09-22T08:20:31.869538Z,311
2018-09-22T08:20:31.919538Z,293
2018-09-22T08:20:31.969538Z,295
2018-09-22T08:20:32.019538Z,311
2018-09-22T08:20:32.069538Z,365
2018-09-22T08:20:32.119538Z,332
2018-09-22T08:20:32.169538Z,279
2018-09-22T08:20:32.219538Z,261
2018-09-22T08:20:32.269538Z,228
2018-09-22T08:20:32.319538Z,259
2018-09-22T08:20:32.369538Z,251
2018-09-22T08:20:32.419538Z,193
2018-09-22T08:20:32.469538Z,167
2018-09-22T08:20:32.519538Z,156
2018-09-22T08:20:32.569538Z,158
2018-09-22T08:20:32.619538Z,144
2018-09-22T08:20:32.669538Z,102
2018-09-22T08:20:32.719538Z,63
2018-09-22T08:20:32.769538Z,35
2018-09-22T08:20:32.819538Z,52
2018-09-22T08:20:32.869538Z,70
2018-09-22T08:20:32.919538Z,47
2018-09-22T08:20:32.969538Z,-1
2018-09-22T08:20:33.019538Z,-36
2018-09-22T08:20:33.069538Z,9
2018-09-22T08:20:33.119538Z,12
2018-09-22T08:20:33.169538Z,-22
2018-09-22T08:20:33.219538Z,-49
2018-09-22T08:20:33.269538Z,-84
2018-09-22T08:20:33.319538Z,-94
2018-09-22T08:20:33.369538Z,-113
2018-09-22T08:20:33.419538Z,-100
2018-09-22T08:20:33.469538Z,-169
2018-09-22T08:20:33.519538Z,-238
2018-09-22T08:20:33.569538Z,-217
2018-09-22T08:20:33.619538Z,-192
2018-09-22T08:20:33.669538Z,-177
2018-09-22T08:20:33.719538Z,-286
2018-09-22T08:20:33.769538Z,-314
2018-09-22T08:20:33.819538Z,-246
2018-09-22T08:20:33.869538Z,-278
2018-09-22T08:20:33.919538Z,-309
2018-09-22T08:20:33.969538Z,-327
2018-09-22T08:20:34.019538Z,-349
2018-09-22T08:20:34.069538Z,-311
2018-09-22T08:20:34.119538Z,-306
2018-09-22T08:20:34.169538Z,-324
2018-09-22T08:20:34.219538Z,-322
2018-09-22T08:20:34.269538Z,-345
2018-09-22T08:20:34.319538Z,-311
2018-09-22T08:20:34.369538Z,-319
2018-09-22T08:20:34.419538Z,-306
2018-09-22T08:20:34.469538Z,-243
2018-09-22T08:20:34.519538Z,-262
2018-09-22T08:20:34.569538Z,-238
2018-09-22T08:20:34.619538Z,-238
2018-09-22T08:20:34.669538Z,-259
2018-09-22T08:20:34.719538Z,-215
2018-09-22T08:20:34.769538Z,-172
2018-09-22T08:20:34.819538Z,-168
2018-09-22T08:20:34.869538Z,-149
2018-09-22T08:20:34.919538Z,-89
2018-09-22T08:20:34.969538Z,-105
2018-09-22T08:20:35.019538Z,-68
2018-09-22T08:20:35.069538Z,-11
2018-09-22T08:20:35.119538Z,-7
2018-09-22T08:20:35.169538Z,22
2018-09-22T08:20:35.219538Z,56
2018-09-22T08:20:35.269538Z,87
2018-09-22T08:20:35.319538Z,103
2018-09-22T08:20:35.369538Z,150
2018-09-22T08:20:35.419538Z,186
2018-09-22T08:20:35.469538Z,227
2018-09-22T08:20:35.519538Z,244
2018-09-22T08:20:35.569538Z,252
2018-09-22T08:20:35.619538Z,315
2018-09-22T08:20:35.669538Z,326
2018-09-22T08:20:35.719538Z,282
2018-09-22T08:20:35.769538Z,310
2018-09-22T08:20:35.819538Z,443
2018-09-22T08:20:35.869538Z,498
2018-09-22T08:20:35.919538Z,481
2018-09-22T08:20:35.969538Z,484
2018-09-22T08:20:36.019538Z,460
2018-09-22T08:20:36.069538Z,508
2018-09-22T08:20:36.119538Z,563
2018-09-22T08:20:36.169538Z,542
2018-09-22T08:20:36.219538Z,558
2018-09-22T08:20:36.269538Z,610
2018-09-22T08:20:36.319538Z,650
2018-09-22T08:20:36.369538Z,636
2018-09-22T08:20:36.419538Z,643
2018-09-22T08:20:36.469538Z,637
2018-09-22T08:20:36.519538Z,653
2018-09-22T08:20:36.569538Z,762
2018-09-22T08:20:36.619538Z,790
2018-09-22T08:20:36.669538Z,790
2018-09-22T08:20:36.719538Z,776
2018-09-22T08:20:36.769538Z,722
2018-09-22T08:20:36.819538Z,743
2018-09-22T08:20:36.869538Z,834
2018-09-22T08:20:36.919538Z,851
2018-09-22T08:20:36.969538Z,781
2018-09-22T08:20:37.019538Z,809
2018-09-22T08:20:37.069538Z,872
2018-09-22T08:20:37.119538Z,881
2018-09-22T08:20:37.169538Z,905
2018-09-22T08:20:37.219538Z,878
2018-09-22T08:20:37.269538Z,894
2018-09-22T08:20:37.319538Z,946
2018-09-22T08:20:37.369538Z,908
2018-09-22T08:20:37.419538Z,858
2018-09-22T08:20:37.469538Z,852
2018-09-22T08:20:37.519538Z,864
2018-09-22T08:20:37.569538Z,824
2018-09-22T08:20:37.619538Z,793
2018-09-22T08:20:37.669538Z,759
2018-09-22T08:20:37.719538Z,766
2018-09-22T08:20:37.769538Z,800
2018-09-22T08:20:37.819538Z,751
2018-09-22T08:20:37.869538Z,712
2018-09-22T08:20:37.919538Z,672
2018-09-22T08:20:37.969538Z,659
2018-09-22T08:20:38.019538Z,636
2018-09-22T08:20:38.069538Z,588
2018-09-22T08:20:38.119538Z,609
2018-09-22T08:20:38.169538Z,589
2018-09-22T08:20:38.219538Z,596
2018-09-22T08:20:38.269538Z,539
2018-09-22T08:20:38.319538Z,407
2018-09-22T08:20:38.369538Z,447
2018-09-22T08:20:38.419538Z,427
2018-09-22T08:20:38.469538Z,384
2018-09-22T08:20:38.519538Z,373
2018-09-22T08:20:38.569538Z,318
2018-09-22T08:20:38.619538Z,314
2018-09-22T08:20:38.669538Z,287
2018-09-22T08:20:38.719538Z,279
2018-09-22T08:20:38.769538Z,231
2018-09-22T08:20:38.819538Z,222
2018-09-22T08:20:38.869538Z,225
2018-09-22T08:20:38.919538Z,158
2018-09-22T08:20:38.969538Z,187
2018-09-22T08:20:39.019538Z,122
2018-09-22T08:20:39.069538Z,66
2018-09-22T08:20:39.119538Z,113
2018-09-22T08:20:39.169538Z,66
2018-09-22T08:20:39.219538Z,77
2018-09-22T08:20:39.269538Z,73
2018-09-22T08:20:39.319538Z,28
2018-09-22T08:20:39.369538Z,35
2018-09-22T08:20:39.419538Z,-8
2018-09-22T08:20:39.469538Z,-23
2018-09-22T08:20:39.519538Z,-24
2018-09-22T08:20:39.569538Z,-56
2018-09-22T08:20:39.619538Z,-85
2018-09-22T08:20:39.669538Z,-105
2018-09-22T08:20:39.719538Z,-155
2018-09-22T08:20:39.769538Z,-196
2018-09-22T08:20:39.819538Z,-188
2018-09-22T08:20:39.869538Z,-217
2018-09-22T08:20:39.919538Z,-228
2018-09-22T08:20:39.969538Z,-216
2018-09-22T08:20:40.019538Z,-235
2018-09-22T08:20:40.069538Z,-282
2018-09-22T08:20:40.119538Z,-337
2018-09-22T08:20:40.169538Z,-341
2018-09-22T08:20:40.219538Z,-346
2018-09-22T08:20:40.269538Z,-355
2018-09-22T08:20:40.319538Z,-325
2018-09-22T08:20:40.369538Z,-347
2018-09-22T08:20:40.419538Z,-338
2018-09-22T08:20:40.469538Z,-330
2018-09-22T08:20:40.519538Z,-360
2018-09-22T08:20:40.569538Z,-308
2018-09-22T08:20:40.619538Z,-323
2018-09-22T08:20:40.669538Z,-333
2018-09-22T08:20:40.719538Z,-272
2018-09-22T08:20:40.769538Z,-288
2018-09-22T08:20:40.819538Z,-333
2018-09-22T08:20:40.869538Z,-296
2018-09-22T08:20:40.919538Z,-269
2018-09-22T08:20:40.969538Z,-295
2018-09-22T08:20:41.019538Z,-275
2018-09-22T08:20:41.069538Z,-252
2018-09-22T08:20:41.119538Z,-175
2018-09-22T08:20:41.169538Z,-115
2018-09-22T08:20:41.219538Z,-113
2018-09-22T08:20:41.269538Z,-124
2018-09-22T08:20:41.319538Z,-126
2018-09-22T08:20:41.369538Z,-18
2018-09-22T08:20:41.419538Z,51
2018-09-22T08:20:41.469538Z,56
2018-09-22T08:20:41.519538Z,95
2018-09-22T08:20:41.569538Z,125
2018-09-22T08:20:41.619538Z,197
2018-09-22T08:20:41.669538Z,279
2018-09-22T08:20:41.719538Z,320
2018-09-22T08:20:41.769538Z,327
2018-09-22T08:20:41.819538Z,347
2018-09-22T08:20:41.869538Z,422
2018-09-22T08:20:41.919538Z,423
2018-09-22T08:20:41.969538Z,443
2018-09-22T08:20:42.019538Z,504
2018-09-22T08:20:42.069538Z,479
2018-09-22T08:20:42.119538Z,531
2018-09-22T08:20:42.169538Z,609
2018-09-22T08:20:42.219538Z,588
2018-09-22T08:20:42.269538Z,616
2018-09-22T08:20:42.319538Z,647
2018-09-22T08:20:42.369538Z,665
2018-09-22T08:20:42.419538Z,743
2018-09-22T08:20:42.469538Z,805
2018-09-22T08:20:42.519538Z,802
2018-09-22T08:20:42.569538Z,777
2018-09-22T08:20:42.619538Z,821
2018-09-22T08:20:42.669538Z,849
2018-09-22T08:20:42.719538Z,851
2018-09-22T08:20:42.769538Z,862
2018-09-22T08:20:42.819538Z,846
2018-09-22T08:20:42.869538Z,880
2018-09-22T08:20:42.919538Z,887
2018-09-22T08:20:42.969538Z,866
2018-09-22T08:20:43.019538Z,869
2018-09-22T08:20:43.069538Z,823
2018-09-22T08:20:43.119538Z,800
2018-09-22T08:20:43.169538Z,826
2018-09-22T08:20:43.219538Z,809
2018-09-22T08:20:43.269538Z,770
2018-09-22T08:20:43.319538Z,777
2018-09-22T08:20:43.369538Z,728
2018-09-22T08:20:43.419538Z,680
2018-09-22T08:20:43.469538Z,683
2018-09-22T08:20:43.519538Z,621
2018-09-22T08:20:43.569538Z,622
2018-09-22T08:20:43.619538Z,588
2018-09-22T08:20:43.669538Z,505
2018-09-22T08:20:43.719538Z,489
2018-09-22T08:20:43.769538Z,436
2018-09-22T08:20:43.819538Z,423
2018-09-22T08:20:43.869538Z,413
2018-09-22T08:20:43.919538Z,361
2018-09-22T08:20:43.969538Z,301
2018-09-22T08:20:44.019538Z,237
2018-09-22T08:20:44.069538Z,207
2018-09-22T08:20:44.119538Z,161
2018-09-22T08:20:44.169538Z,154
2018-09-22T08:20:44.219538Z,128
2018-09-22T08:20:44.269538Z,44
2018-09-22T08:20:44.319538Z,-13
2018-09-22T08:20:44.369538Z,-14
2018-09-22T08:20:44.419538Z,2
2018-09-22T08:20:44.469538Z,-52
2018-09-22T08:20:44.519538Z,-100
2018-09-22T08:20:44.569538Z,-149
2018-09-22T08:20:44.619538Z,-137
2018-09-22T08:20:44.669538Z,-108
2018-09-22T08:20:44.719538Z,-159
2018-09-22T08:20:44.769538Z,-174
2018-09-22T08:20:44.819538Z,-192
2018-09-22T08:20:44.869538Z,-197
2018-09-22T08:20:44.919538Z,-189
2018-09-22T08:20:44.969538Z,-205
2018-09-22T08:20:45.019538Z,-226
2018-09-22T08:20:45.069538Z,-234
2018-09-22T08:20:45.119538Z,-189
2018-09-22T08:20:45.169538Z,-185
2018-09-22T08:20:45.219538Z,-213
2018-09-22T08:20:45.269538Z,-231
2018-09-22T08:20:45.319538Z,-260
2018-09-22T08:20:45.369538Z,-219
2018-09-22T08:20:45.419538Z,-190
2018-09-22T08:20:45.469538Z,-179
2018-09-22T08:20:45.519538Z,-148
2018-09-22T08:20:45.569538Z,-169
2018-09-22T08:20:45.619538Z,-117
2018-09-22T08:20:45.669538Z,-78
2018-09-22T08:20:45.719538Z,-49
2018-09-22T08:20:45.769538Z,24
2018-09-22T08:20:45.819538Z,26
2018-09-22T08:20:45.869538Z,79
2018-09-22T08:20:45.919538Z,90
2018-09-22T08:20:45.969538Z,82
2018-09-22T08:20:46.019538Z,165
2018-09-22T08:20:46.069538Z,220
2018-09-22T08:20:46.119538Z,229
2018-09-22T08:20:46.169538Z,240
2018-09-22T08:20:46.219538Z,266
2018-09-22T08:20:46.269538Z,272
2018-09-22T08:20:46.319538Z,280
2018-09-22T08:20:46.369538Z,295
2018-09-22T08:20:46.419538Z,309
2018-09-22T08:20:46.469538Z,272
2018-09-22T08:20:46.519538Z,275
2018-09-22T08:20:46.569538Z,337
2018-09-22T08:20:46.619538Z,330
2018-09-22T08:20:46.669538Z,346
2018-09-22T08:20:46.719538Z,330
2018-09-22T08:20:46.769538Z,313
2018-09-22T08:20:46.819538Z,352
2018-09-22T08:20:46.869538Z,372
2018-09-22T08:20:46.919538Z,405
2018-09-22T08:20:46.969538Z,371
2018-09-22T08:20:47.019538Z,370
2018-09-22T08:20:47.069538Z,411
2018-09-22T08:20:47.119538Z,399
2018-09-22T08:20:47.169538Z,416
2018-09-22T08:20:47.219538Z,400
2018-09-22T08:20:47.269538Z,390
2018-09-22T08:20:47.319538Z,372
2018-09-22T08:20:47.369538Z,334
2018-09-22T08:20:47.419538Z,320
2018-09-22T08:20:47.469538Z,306
2018-09-22T08:20:47.519538Z,286
2018-09-22T08:20:47.569538Z,248
2018-09-22T08:20:47.619538Z,272
2018-09-22T08:20:47.669538Z,251
2018-09-22T08:20:47.719538Z,192
2018-09-22T08:20:47.769538Z,214
2018-09-22T08:20:47.819538Z,209
2018-09-22T08:20:47.869538Z,207
2018-09-22T08:20:47.919538Z,225
2018-09-22T08:20:47.969538Z,226
2018-09-22T08:20:48.019538Z,240
2018-09-22T08:20:48.069538Z,266
2018-09-22T08:20:48.119538Z,286
2018-09-22T08:20:48.169538Z,285
2018-09-22T08:20:48.219538Z,307
2018-09-22T08:20:48.269538Z,360
2018-09-22T08:20:48.319538Z,347
2018-09-22T08:20:48.369538Z,356
2018-09-22T08:20:48.419538Z,414
2018-09-22T08:20:48.469538Z,381
2018-09-22T08:20:48.519538Z,389
2018-09-22T08:20:48.569538Z,422
2018-09-22T08:20:48.619538Z,444
2018-09-22T08:20:48.669538Z,475
2018-09-22T08:20:48.719538Z,460
2018-09-22T08:20:48.769538Z,487
2018-09-22T08:20:48.819538Z,484
2018-09-22T08:20:48.869538Z,492
2018-09-22T08:20:48.919538Z,514
2018-09-22T08:20:48.969538Z,508
2018-09-22T08:20:49.019538Z,521
2018-09-22T08:20:49.069538Z,499
2018-09-22T08:20:49.119538Z,484
2018-09-22T08:20:49.169538Z,466
2018-09-22T08:20:49.219538Z,488
2018-09-22T08:20:49.269538Z,478
2018-09-22T08:20:49.319538Z,445
2018-09-22T08:20:49.369538Z,501
2018-09-22T08:20:49.419538Z,491
2018-09-22T08:20:49.469538Z,439
2018-09-22T08:20:49.519538Z,420
2018-09-22T08:20:49.569538Z,393
2018-09-22T08:20:49.619538Z,392
2018-09-22T08:20:49.669538Z,384
2018-09-22T08:20:49.719538Z,369
2018-09-22T08:20:49.769538Z,337
2018-09-22T08:20:49.819538Z,298
2018-09-22T08:20:49.869538Z,307
2018-09-22T08:20:49.919538Z,312
2018-09-22T08:20:49.969538Z,329
2018-09-22T08:20:50.019538Z,275
2018-09-22T08:20:50.069538Z,188
2018-09-22T08:20:50.119538Z,204
2018-09-22T08:20:50.169538Z,160
2018-09-22T08:20:50.219538Z,121
2018-09-22T08:20:50.269538Z,128
2018-09-22T08:20:50.319538Z,59
2018-09-22T08:20:50.369538Z,26
2018-09-22T08:20:50.419538Z,41
2018-09-22T08:20:50.469538Z,-7
2018-09-22T08:20:50.519538Z,-12
2018-09-22T08:20:50.569538Z,-28
2018-09-22T08:20:50.619538Z,-93
2018-09-22T08:20:50.669538Z,-81
2018-09-22T08:20:50.719538Z,-97
2018-09-22T08:20:50.769538Z,-168
2018-09-22T08:20:50.819538Z,-191
2018-09-22T08:20:50.869538Z,-167
2018-09-22T08:20:50.919538Z,-205
2018-09-22T08:20:50.969538Z,-244
2018-09-22T08:20:51.019538Z,-243
2018-09-22T08:20:51.069538Z,-267
2018-09-22T08:20:51.119538Z,-268
2018-09-22T08:20:51.169538Z,-283
2018-09-22T08:20:51.219538Z,-305
2018-09-22T08:20:51.269538Z,-310
2018-09-22T08:20:51.319538Z,-318
2018-09-22T08:20:51.369538Z,-317
2018-09-22T08:20:51.419538Z,-305
2018-09-22T08:20:51.469538Z,-299
2018-09-22T08:20:51.519538Z,-301
2018-09-22T08:20:51.569538Z,-268
2018-09-22T08:20:51.619538Z,-254
2018-09-22T08:20:51.669538Z,-269
2018-09-22T08:20:51.719538Z,-258
2018-09-22T08:20:51.769538Z,-235
2018-09-22T08:20:51.819538Z,-201
2018-09-22T08:20:51.869538Z,-154
2018-09-22T08:20:51.919538Z,-154
2018-09-22T08:20:51.969538Z,-172
2018-09-22T08:20:52.019538Z,-105
2018-09-22T08:20:52.069538Z,-40
2018-09-22T08:20:52.119538Z,-32
2018-09-22T08:20:52.169538Z,-14
2018-09-22T08:20:52.219538Z,-17
2018-09-22T08:20:52.269538Z,-15
2018-09-22T08:20:52.319538Z,57
2018-09-22T08:20:52.369538Z,95
2018-09-22T08:20:52.419538Z,115
2018-09-22T08:20:52.469538Z,146
2018-09-22T08:20:52.519538Z,151
2018-09-22T08:20:52.569538Z,155
2018-09-22T08:20:52.619538Z,184
2018-09-22T08:20:52.669538Z,231
2018-09-22T08:20:52.719538Z,267
2018-09-22T08:20:52.769538Z,323
2018-09-22T08:20:52.819538Z,334
2018-09-22T08:20:52.869538Z,360
2018-09-22T08:20:52.919538Z,428
2018-09-22T08:20:52.969538Z,448
2018-09-22T08:20:53.019538Z,488
2018-09-22T08:20:53.069538Z,511
2018-09-22T08:20:53.119538Z,505
2018-09-22T08:20:53.169538Z,547
2018-09-22T08:20:53.219538Z,579
2018-09-22T08:20:53.269538Z,591
2018-09-22T08:20:53.319538Z,629
2018-09-22T08:20:53.369538Z,652
2018-09-22T08:20:53.419538Z,667
2018-09-22T08:20:53.469538Z,655
2018-09-22T08:20:53.519538Z,646
2018-09-22T08:20:53.569538Z,671
2018-09-22T08:20:53.619538Z,660
2018-09-22T08:20:53.669538Z,685
2018-09-22T08:20:53.719538Z,700
2018-09-22T08:20:53.769538Z,697
2018-09-22T08:20:53.819538Z,723
2018-09-22T08:20:53.869538Z,714
2018-09-22T08:20:53.919538Z,725
2018-09-22T08:20:53.969538Z,750
2018-09-22T08:20:54.019538Z,747
2018-09-22T08:20:54.069538Z,730
2018-09-22T08:20:54.119538Z,736
2018-09-22T08:20:54.169538Z,733
2018-09-22T08:20:54.219538Z,713
2018-09-22T08:20:54.269538Z,713
2018-09-22T08:20:54.319538Z,663
2018-09-22T08:20:54.369538Z,645
2018-09-22T08:20:54.419538Z,632
2018-09-22T08:20:54.469538Z,603
2018-09-22T08:20:54.519538Z,620
2018-09-22T08:20:54.569538Z,581
2018-09-22T08:20:54.619538Z,546
2018-09-22T08:20:54.669538Z,488
2018-09-22T08:20:54.719538Z,435
2018-09-22T08:20:54.769538Z,447
2018-09-22T08:20:54.819538Z,427
2018-09-22T08:20:54.869538Z,377
2018-09-22T08:20:54.919538Z,325
2018-09-22T08:20:54.969538Z,281
2018-09-22T08:20:55.019538Z,255
2018-09-22T08:20:55.069538Z,234
2018-09-22T08:20:55.119538Z,172
2018-09-22T08:20:55.169538Z,144
2018-09-22T08:20:55.219538Z,99
2018-09-22T08:20:55.269538Z,42
2018-09-22T08:20:55.319538Z,69
2018-09-22T08:20:55.369538Z,16
2018-09-22T08:20:55.419538Z,-8
2018-09-22T08:20:55.469538Z,7
2018-09-22T08:20:55.519538Z,-35
2018-09-22T08:20:55.569538Z,-52
2018-09-22T08:20:55.619538Z,-64
2018-09-22T08:20:55.669538Z,-62
2018-09-22T08:20:55.719538Z,-52
2018-09-22T08:20:55.769538Z,-44
2018-09-22T08:20:55.819538Z,-65
2018-09-22T08:20:55.869538Z,-67
2018-09-22T08:20:55.919538Z,-57
2018-09-22T08:20:55.969538Z,-73
2018-09-22T08:20:56.019538Z,-51
2018-09-22T08:20:56.069538Z,-32
2018-09-22T08:20:56.119538Z,-55
2018-09-22T08:20:56.169538Z,-61
2018-09-22T08:20:56.219538Z,-31
2018-09-22T08:20:56.269538Z,-17
2018-09-22T08:20:56.319538Z,17
2018-09-22T08:20:56.369538Z,32
2018-09-22T08:20:56.419538Z,9
2018-09-22T08:20:56.469538Z,26
2018-09-22T08:20:56.519538Z,66
2018-09-22T08:20:56.569538Z,79
2018-09-22T08:20:56.619538Z,72
2018-09-22T08:20:56.669538Z,113
2018-09-22T08:20:56.719538Z,146
2018-09-22T08:20:56.769538Z,151
2018-09-22T08:20:56.819538Z,157
2018-09-22T08:20:56.869538Z,181
2018-09-22T08:20:56.919538Z,260
2018-09-22T08:20:56.969538Z,302
2018-09-22T08:20:57.019538Z,308
2018-09-22T08:20:57.069538Z,320
2018-09-22T08:20:57.119538Z,338
2018-09-22T08:20:57.169538Z,346
2018-09-22T08:20:57.219538Z,384
2018-09-22T08:20:57.269538Z,434
2018-09-22T08:20:57.319538Z,445
2018-09-22T08:20:57.369538Z,477
2018-09-22T08:20:57.419538Z,474
2018-09-22T08:20:57.469538Z,485
2018-09-22T08:20:57.519538Z,526
2018-09-22T08:20:57.569538Z,557
2018-09-22T08:20:57.619538Z,537
2018-09-22T08:20:57.669538Z,498
2018-09-22T08:20:57.719538Z,501
2018-09-22T08:20:57.769538Z,513
2018-09-22T08:20:57.819538Z,573
2018-09-22T08:20:57.869538Z,542
2018-09-22T08:20:57.919538Z,501
2018-09-22T08:20:57.969538Z,501
2018-09-22T08:20:58.019538Z,476
2018-09-22T08:20:58.069538Z,488
2018-09-22T08:20:58.119538Z,475
2018-09-22T08:20:58.169538Z,479
2018-09-22T08:20:58.219538Z,467
2018-09-22T08:20:58.269538Z,490
2018-09-22T08:20:58.319538Z,477
2018-09-22T08:20:58.369538Z,420
2018-09-22T08:20:58.419538Z,426
2018-09-22T08:20:58.469538Z,410
2018-09-22T08:20:58.519538Z,398
2018-09-22T08:20:58.569538Z,309
2018-09-22T08:20:58.619538Z,274
2018-09-22T08:20:58.669538Z,304
2018-09-22T08:20:58.719538Z,234
2018-09-22T08:20:58.769538Z,214
2018-09-22T08:20:58.819538Z,173
2018-09-22T08:20:58.869538Z,122
2018-09-22T08:20:58.919538Z,83
2018-09-22T08:20:58.969538Z,11
2018-09-22T08:20:59.019538Z,-33
2018-09-22T08:20:59.069538Z,-75
2018-09-22T08:20:59.119538Z,-96
2018-09-22T08:20:59.169538Z,-159
2018-09-22T08:20:59.219538Z,-200
2018-09-22T08:20:59.269538Z,-252
2018-09-22T08:20:59.319538Z,-310
2018-09-22T08:20:59.369538Z,-328
2018-09-22T08:20:59.419538Z,-405
2018-09-22T08:20:59.469538Z,-430
2018-09-22T08:20:59.519538Z,-425
2018-09-22T08:20:59.569538Z,-463
2018-09-22T08:20:59.619538Z,-491
2018-09-22T08:20:59.669538Z,-482
2018-09-22T08:20:59.719538Z,-515
2018-09-22T08:20:59.769538Z,-526
2018-09-22T08:20:59.819538Z,-526
2018-09-22T08:20:59.869538Z,-568
2018-09-22T08:20:59.919538Z,-554
2018-09-22T08:20:59.969538Z,-527
2018-09-22T08:21:00.019538Z,-515
2018-09-22T08:21:00.069538Z,-548
2018-09-22T08:21:00.119538Z,-518
2018-09-22T08:21:00.169538Z,-495
2018-09-22T08:21:00.219538Z,-501
2018-09-22T08:21:00.269538Z,-446
2018-09-22T08:21:00.319538Z,-474
2018-09-22T08:21:00.369538Z,-427
2018-09-22T08:21:00.419538Z,-384
2018-09-22T08:21:00.469538Z,-397
2018-09-22T08:21:00.519538Z,-335
2018-09-22T08:21:00.569538Z,-334
2018-09-22T08:21:00.619538Z,-291
2018-09-22T08:21:00.669538Z,-246
2018-09-22T08:21:00.719538Z,-200
2018-09-22T08:21:00.769538Z,-168
2018-09-22T08:21:00.819538Z,-179
2018-09-22T08:21:00.869538Z,-90
2018-09-22T08:21:00.919538Z,-54
2018-09-22T08:21:00.969538Z,-20
2018-09-22T08:21:01.019538Z,65
2018-09-22T08:21:01.069538Z,115
2018-09-22T08:21:01.119538Z,152
2018-09-22T08:21:01.169538Z,210
2018-09-22T08:21:01.219538Z,263
2018-09-22T08:21:01.269538Z,320
2018-09-22T08:21:01.319538Z,410
2018-09-22T08:21:01.369538Z,424
2018-09-22T08:21:01.419538Z,451
2018-09-22T08:21:01.469538Z,512
2018-09-22T08:21:01.519538Z,546
2018-09-22T08:21:01.569538Z,607
2018-09-22T08:21:01.619538Z,673
2018-09-22T08:21:01.669538Z,661
2018-09-22T08:21:01.719538Z,692
2018-09-22T08:21:01.769538Z,795
2018-09-22T08:21:01.819538Z,765
2018-09-22T08:21:01.869538Z,765
2018-09-22T08:21:01.919538Z,807
2018-09-22T08:21:01.969538Z,792
2018-09-22T08:21:02.019538Z,823
2018-09-22T08:21:02.069538Z,823
2018-09-22T08:21:02.119538Z,836
2018-09-22T08:21:02.169538Z,843
2018-09-22T08:21:02.219538Z,831
2018-09-22T08:21:02.269538Z,859
2018-09-22T08:21:02.319538Z,859
2018-09-22T08:21:02.369538Z,885
2018-09-22T08:21:02.419538Z,907
2018-09-22T08:21:02.469538Z,909
2018-09-22T08:21:02.519538Z,953
2018-09-22T08:21:02.569538Z,951
2018-09-22T08:21:02.619538Z,959
2018-09-22T08:21:02.669538Z,981
2018-09-22T08:21:02.719538Z,924
2018-09-22T08:21:02.769538Z,933
2018-09-22T08:21:02.819538Z,962
2018-09-22T08:21:02.869538Z,943
2018-09-22T08:21:02.919538Z,927
2018-09-22T08:21:02.969538Z,918
2018-09-22T08:21:03.019538Z,906
2018-09-22T08:21:03.069538Z,844
2018-09-22T08:21:03.119538Z,833
2018-09-22T08:21:03.169538Z,806
2018-09-22T08:21:03.219538Z,785
2018-09-22T08:21:03.269538Z,770
2018-09-22T08:21:03.319538Z,706
2018-09-22T08:21:03.369538Z,726
2018-09-22T08:21:03.419538Z,697
2018-09-22T08:21:03.469538Z,664
2018-09-22T08:21:03.519538Z,652
2018-09-22T08:21:03.569538Z,594
2018-09-22T08:21:03.619538Z,575
2018-09-22T08:21:03.669538Z,556
2018-09-22T08:21:03.719538Z,545
2018-09-22T08:21:03.769538Z,502
2018-09-22T08:21:03.819538Z,482
2018-09-22T08:21:03.869538Z,473
2018-09-22T08:21:03.919538Z,425
2018-09-22T08:21:03.969538Z,403
2018-09-22T08:21:04.019538Z,351
2018-09-22T08:21:04.069538Z,346
2018-09-22T08:21:04.119538Z,333
2018-09-22T08:21:04.169538Z,271
2018-09-22T08:21:04.219538Z,238
2018-09-22T08:21:04.269538Z,147
2018-09-22T08:21:04.319538Z,142
2018-09-22T08:21:04.369538Z,165
2018-09-22T08:21:04.419538Z,40
2018-09-22T08:21:04.469538Z,8
2018-09-22T08:21:04.519538Z,0
2018-09-22T08:21:04.569538Z,-55
2018-09-22T08:21:04.619538Z,-60
2018-09-22T08:21:04.669538Z,-116
2018-09-22T08:21:04.719538Z,-167
2018-09-22T08:21:04.769538Z,-193
2018-09-22T08:21:04.819538Z,-235
2018-09-22T08:21:04.869538Z,-297
2018-09-22T08:21:04.919538Z,-337
2018-09-22T08:21:04.969538Z,-341
2018-09-22T08:21:05.019538Z,-379
2018-09-22T08:21:05.069538Z,-415
2018-09-22T08:21:05.119538Z,-422
2018-09-22T08:21:05.169538Z,-488
2018-09-22T08:21:05.219538Z,-522
2018-09-22T08:21:05.269538Z,-504
2018-09-22T08:21:05.319538Z,-539
2018-09-22T08:21:05.369538Z,-535
2018-09-22T08:21:05.419538Z,-571
2018-09-22T08:21:05.469538Z,-606
2018-09-22T08:21:05.519538Z,-622
2018-09-22T08:21:05.569538Z,-645
2018-09-22T08:21:05.619538Z,-621
2018-09-22T08:21:05.669538Z,-627
2018-09-22T08:21:05.719538Z,-618
2018-09-22T08:21:05.769538Z,-646
2018-09-22T08:21:05.819538Z,-683
2018-09-22T08:21:05.869538Z,-640
2018-09-22T08:21:05.919538Z,-625
2018-09-22T08:21:05.969538Z,-628
2018-09-22T08:21:06.019538Z,-620
2018-09-22T08:21:06.069538Z,-659
2018-09-22T08:21:06.119538Z,-623
2018-09-22T08:21:06.169538Z,-561
2018-09-22T08:21:06.219538Z,-557
2018-09-22T08:21:06.269538Z,-540
2018-09-22T08:21:06.319538Z,-526
2018-09-22T08:21:06.369538Z,-503
2018-09-22T08:21:06.419538Z,-470
2018-09-22T08:21:06.469538Z,-398
2018-09-22T08:21:06.519538Z,-368
2018-09-22T08:21:06.569538Z,-305
2018-09-22T08:21:06.619538Z,-205
2018-09-22T08:21:06.669538Z,-219
2018-09-22T08:21:06.719538Z,-155
2018-09-22T08:21:06.769538Z,-84
2018-09-22T08:21:06.819538Z,-66
2018-09-22T08:21:06.869538Z,29
2018-09-22T08:21:06.919538Z,70
2018-09-22T08:21:06.969538Z,75
2018-09-22T08:21:07.019538Z,148
2018-09-22T08:21:07.069538Z,186
2018-09-22T08:21:07.119538Z,207
2018-09-22T08:21:07.169538Z,270
2018-09-22T08:21:07.219538Z,327
2018-09-22T08:21:07.269538Z,379
2018-09-22T08:21:07.319538Z,392
2018-09-22T08:21:07.369538Z,423
2018-09-22T08:21:07.419538Z,470
2018-09-22T08:21:07.469538Z,498
2018-09-22T08:21:07.519538Z,540
2018-09-22T08:21:07.569538Z,569
2018-09-22T08:21:07.619538Z,654
2018-09-22T08:21:07.669538Z,671
2018-09-22T08:21:07.719538Z,675
2018-09-22T08:21:07.769538Z,748
2018-09-22T08:21:07.819538Z,756
2018-09-22T08:21:07.869538Z,807
2018-09-22T08:21:07.919538Z,827
2018-09-22T08:21:07.969538Z,811
2018-09-22T08:21:08.019538Z,838
2018-09-22T08:21:08.069538Z,855
2018-09-22T08:21:08.119538Z,895
2018-09-22T08:21:08.169538Z,893
2018-09-22T08:21:08.219538Z,878
2018-09-22T08:21:08.269538Z,911
2018-09-22T08:21:08.319538Z,912
2018-09-22T08:21:08.369538Z,892
2018-09-22T08:21:08.419538Z,903
2018-09-22T08:21:08.469538Z,866
2018-09-22T08:21:08.519538Z,820
2018-09-22T08:21:08.569538Z,833
2018-09-22T08:21:08.619538Z,828
2018-09-22T08:21:08.669538Z,773
2018-09-22T08:21:08.719538Z,744
2018-09-22T08:21:08.769538Z,731
2018-09-22T08:21:08.819538Z,676
2018-09-22T08:21:08.869538Z,653
2018-09-22T08:21:08.919538Z,622
2018-09-22T08:21:08.969538Z,564
2018-09-22T08:21:09.019538Z,538
2018-09-22T08:21:09.069538Z,526
2018-09-22T08:21:09.119538Z,487
2018-09-22T08:21:09.169538Z,444
2018-09-22T08:21:09.219538Z,413
2018-09-22T08:21:09.269538Z,358
2018-09-22T08:21:09.319538Z,342
2018-09-22T08:21:09.369538Z,359
2018-09-22T08:21:09.419538Z,330
2018-09-22T08:21:09.469538Z,272
2018-09-22T08:21:09.519538Z,253
2018-09-22T08:21:09.569538Z,257
2018-09-22T08:21:09.619538Z,219
2018-09-22T08:21:09.669538Z,180
2018-09-22T08:21:09.719538Z,141
2018-09-22T08:21:09.769538Z,98
2018-09-22T08:21:09.819538Z,52
2018-09-22T08:21:09.869538Z,28
2018-09-22T08:21:09.919538Z,-2
2018-09-22T08:21:09.969538Z,-47
2018-09-22T08:21:10.019538Z,-31
2018-09-22T08:21:10.069538Z,-71
2018-09-22T08:21:10.119538Z,-85
2018-09-22T08:21:10.169538Z,-86
2018-09-22T08:21:10.219538Z,-108
2018-09-22T08:21:10.269538Z,-86
2018-09-22T08:21:10.319538Z,-125
2018-09-22T08:21:10.369538Z,-107
2018-09-22T08:21:10.419538Z,-104
2018-09-22T08:21:10.469538Z,-120
2018-09-22T08:21:10.519538Z,-86
2018-09-22T08:21:10.569538Z,-93
2018-09-22T08:21:10.619538Z,-89
2018-09-22T08:21:10.669538Z,-99
2018-09-22T08:21:10.719538Z,-110
2018-09-22T08:21:10.769538Z,-102
2018-09-22T08:21:10.819538Z,-68
2018-09-22T08:21:10.869538Z,-56
2018-09-22T08:21:10.919538Z,-83
2018-09-22T08:21:10.969538Z,-46
2018-09-22T08:21:11.019538Z,-60
2018-09-22T08:21:11.069538Z,-35
2018-09-22T08:21:11.119538Z,8
2018-09-22T08:21:11.169538Z,-23
2018-09-22T08:21:11.219538Z,6
2018-09-22T08:21:11.269538Z,0
2018-09-22T08:21:11.319538Z,1
2018-09-22T08:21:11.369538Z,54
2018-09-22T08:21:11.419538Z,59
2018-09-22T08:21:11.469538Z,49
2018-09-22T08:21:11.519538Z,64
2018-09-22T08:21:11.569538Z,85
2018-09-22T08:21:11.619538Z,143
2018-09-22T08:21:11.669538Z,177
2018-09-22T08:21:11.719538Z,170
2018-09-22T08:21:11.769538Z,171
2018-09-22T08:21:11.819538Z,208
2018-09-22T08:21:11.869538Z,225
2018-09-22T08:21:11.919538Z,231
2018-09-22T08:21:11.969538Z,308
2018-09-22T08:21:12.019538Z,297
2018-09-22T08:21:12.069538Z,308
2018-09-22T08:21:12.119538Z,334
2018-09-22T08:21:12.169538Z,318
2018-09-22T08:21:12.219538Z,356
2018-09-22T08:21:12.269538Z,355
2018-09-22T08:21:12.319538Z,335
2018-09-22T08:21:12.369538Z,329
2018-09-22T08:21:12.419538Z,350
2018-09-22T08:21:12.469538Z,325
2018-09-22T08:21:12.519538Z,313
2018-09-22T08:21:12.569538Z,343
2018-09-22T08:21:12.619538Z,323
2018-09-22T08:21:12.669538Z,328
2018-09-22T08:21:12.719538Z,351
2018-09-22T08:21:12.769538Z,319
2018-09-22T08:21:12.819538Z,339
2018-09-22T08:21:12.869538Z,362
2018-09-22T08:21:12.919538Z,305
2018-09-22T08:21:12.969538Z,324
2018-09-22T08:21:13.019538Z,340
2018-09-22T08:21:13.069538Z,318
2018-09-22T08:21:13.119538Z,315
2018-09-22T08:21:13.169538Z,285
2018-09-22T08:21:13.219538Z,255
2018-09-22T08:21:13.269538Z,277
2018-09-22T08:21:13.319538Z,287
2018-09-22T08:21:13.369538Z,235
2018-09-22T08:21:13.419538Z,240
2018-09-22T08:21:13.469538Z,233
2018-09-22T08:21:13.519538Z,211
2018-09-22T08:21:13.569538Z,247
2018-09-22T08:21:13.619538Z,248
2018-09-22T08:21:13.669538Z,212
2018-09-22T08:21:13.719538Z,203
2018-09-22T08:21:13.769538Z,224
2018-09-22T08:21:13.819538Z,234
2018-09-22T08:21:13.869538Z,219
2018-09-22T08:21:13.919538Z,190
2018-09-22T08:21:13.969538Z,165
2018-09-22T08:21:14.019538Z,192
2018-09-22T08:21:14.069538Z,245
2018-09-22T08:21:14.119538Z,212
2018-09-22T08:21:14.169538Z,178
2018-09-22T08:21:14.219538Z,217
2018-09-22T08:21:14.269538Z,242
2018-09-22T08:21:14.319538Z,242
2018-09-22T08:21:14.369538Z,267
2018-09-22T08:21:14.419538Z,253
2018-09-22T08:21:14.469538Z,226
2018-09-22T08:21:14.519538Z,238
2018-09-22T08:21:14.569538Z,219
2018-09-22T08:21:14.619538Z,253
2018-09-22T08:21:14.669538Z,258
2018-09-22T08:21:14.719538Z,234
2018-09-22T08:21:14.769538Z,256
2018-09-22T08:21:14.819538Z,258
2018-09-22T08:21:14.869538Z,292
2018-09-22T08:21:14.919538Z,314
2018-09-22T08:21:14.969538Z,308
2018-09-22T08:21:15.019538Z,302
2018-09-22T08:21:15.069538Z,303
2018-09-22T08:21:15.119538Z,331
2018-09-22T08:21:15.169538Z,329
2018-09-22T08:21:15.219538Z,272
2018-09-22T08:21:15.269538Z,233
2018-09-22T08:21:15.319538Z,235
2018-09-22T08:21:15.369538Z,268
2018-09-22T08:21:15.419538Z,262
2018-09-22T08:21:15.469538Z,235
2018-09-22T08:21:15.519538Z,216
2018-09-22T08:21:15.569538Z,193
2018-09-22T08:21:15.619538Z,212
2018-09-22T08:21:15.669538Z,234
2018-09-22T08:21:15.719538Z,214
2018-09-22T08:21:15.769538Z,187
2018-09-22T08:21:15.819538Z,200
2018-09-22T08:21:15.869538Z,212
2018-09-22T08:21:15.919538Z,241
2018-09-22T08:21:15.969538Z,243
2018-09-22T08:21:16.019538Z,202
2018-09-22T08:21:16.069538Z,196
2018-09-22T08:21:16.119538Z,216
2018-09-22T08:21:16.169538Z,265
2018-09-22T08:21:16.219538Z,276
2018-09-22T08:21:16.269538Z,256
2018-09-22T08:21:16.319538Z,223
2018-09-22T08:21:16.369538Z,207
2018-09-22T08:21:16.419538Z,240
2018-09-22T08:21:16.469538Z,265
2018-09-22T08:21:16.519538Z,297
2018-09-22T08:21:16.569538Z,308
2018-09-22T08:21:16.619538Z,287
2018-09-22T08:21:16.669538Z,271
2018-09-22T08:21:16.719538Z,280
2018-09-22T08:21:16.769538Z,313
2018-09-22T08:21:16.819538Z,347
2018-09-22T08:21:16.869538Z,348
2018-09-22T08:21:16.919538Z,315
2018-09-22T08:21:16.969538Z,357
2018-09-22T08:21:17.019538Z,372
2018-09-22T08:21:17.069538Z,346
2018-09-22T08:21:17.119538Z,381
2018-09-22T08:21:17.169538Z,382
2018-09-22T08:21:17.219538Z,349
2018-09-22T08:21:17.269538Z,339
2018-09-22T08:21:17.319538Z,405
2018-09-22T08:21:17.369538Z,423
2018-09-22T08:21:17.419538Z,369
2018-09-22T08:21:17.469538Z,375
2018-09-22T08:21:17.519538Z,355
2018-09-22T08:21:17.569538Z,338
2018-09-22T08:21:17.619538Z,341
2018-09-22T08:21:17.669538Z,290
2018-09-22T08:21:17.719538Z,276
2018-09-22T08:21:17.769538Z,264
2018-09-22T08:21:17.819538Z,225
2018-09-22T08:21:17.869538Z,217
2018-09-22T08:21:17.919538Z,198
2018-09-22T08:21:17.969538Z,203
2018-09-22T08:21:18.019538Z,180
2018-09-22T08:21:18.069538Z,134
2018-09-22T08:21:18.119538Z,137
2018-09-22T08:21:18.169538Z,121
2018-09-22T08:21:18.219538Z,100
2018-09-22T08:21:18.269538Z,83
2018-09-22T08:21:18.319538Z,59
2018-09-22T08:21:18.369538Z,31
2018-09-22T08:21:18.419538Z,28
2018-09-22T08:21:18.469538Z,32
2018-09-22T08:21:18.519538Z,-16
2018-09-22T08:21:18.569538Z,-37
2018-09-22T08:21:18.619538Z,-38
2018-09-22T08:21:18.669538Z,-62
2018-09-22T08:21:18.719538Z,-72
2018-09-22T08:21:18.769538Z,-97
2018-09-22T08:21:18.819538Z,-108
2018-09-22T08:21:18.869538Z,-125
2018-09-22T08:21:18.919538Z,-135
2018-09-22T08:21:18.969538Z,-121
